Waktu,USD_beli,USD_jual,SGD_beli,SGD_jual,EUR_beli,EUR_jual,AUD_beli,AUD_jual
07-04-2021 14:00:08,14495.0,14525.0,10822.57,10852.75,17199.5,17251.6,11074.25,11112.99
07-04-2021 14:00:38,14495.0,14525.0,10822.57,10852.75,17199.5,17251.6,11074.25,11112.99
07-04-2021 14:01:09,14495.0,14525.0,10822.57,10852.75,17199.5,17251.6,11074.25,11112.99
07-04-2021 14:01:39,14495.0,14525.0,10822.57,10852.75,17199.5,17251.6,11074.25,11112.99
07-04-2021 14:02:10,14495.0,14525.0,10822.57,10852.75,17199.5,17251.6,11074.25,11112.99
07-04-2021 14:02:41,14495.0,14525.0,10822.57,10852.75,17199.5,17251.6,11074.25,11112.99
07-04-2021 14:03:11,14495.0,14525.0,10822.57,10852.75,17199.5,17251.6,11074.25,11112.99
07-04-2021 14:03:41,14495.0,14525.0,10822.57,10852.75,17199.5,17251.6,11074.25,11112.99
07-04-2021 14:04:11,14495.0,14525.0,10822.57,10852.75,17199.5,17251.6,11074.25,11112.99
07-04-2021 14:04:41,14495.0,14525.0,10822.57,10852.75,17199.5,17251.6,11074.25,11112.99
07-04-2021 14:05:11,14500.0,14530.0,10827.52,10857.7,17212.69,17264.8,11078.07,11116.81
07-04-2021 14:05:41,14500.0,14530.0,10827.52,10857.7,17212.69,17264.8,11078.07,11116.81
07-04-2021 14:06:12,14500.0,14530.0,10827.52,10857.7,17212.69,17264.8,11078.07,11116.81
07-04-2021 14:06:42,14500.0,14530.0,10827.52,10857.7,17212.69,17264.8,11078.07,11116.81
07-04-2021 14:07:12,14500.0,14530.0,10827.52,10857.7,17212.69,17264.8,11078.07,11116.81
07-04-2021 14:07:42,14500.0,14530.0,10827.52,10857.7,17212.69,17264.8,11078.07,11116.81
07-04-2021 14:08:12,14500.0,14530.0,10827.52,10857.7,17212.69,17264.8,11078.07,11116.81
07-04-2021 14:08:42,14500.0,14530.0,10827.52,10857.7,17212.69,17264.8,11078.07,11116.81
07-04-2021 14:09:12,14500.0,14530.0,10827.52,10857.7,17212.69,17264.8,11078.07,11116.81
07-04-2021 14:09:42,14500.0,14530.0,10827.52,10857.7,17212.69,17264.8,11078.07,11116.81
07-04-2021 14:10:12,14500.0,14530.0,10827.52,10857.7,17212.69,17264.8,11078.07,11116.81
07-04-2021 14:10:43,14500.0,14530.0,10827.52,10857.7,17212.69,17264.8,11078.07,11116.81
07-04-2021 14:11:13,14500.0,14530.0,10827.52,10857.7,17212.69,17264.8,11078.07,11116.81
07-04-2021 14:11:43,14500.0,14530.0,10827.52,10857.7,17212.69,17264.8,11078.07,11116.81
07-04-2021 14:12:13,14500.0,14530.0,10827.52,10857.7,17212.69,17264.8,11078.07,11116.81
07-04-2021 14:12:43,14500.0,14530.0,10827.52,10857.7,17212.69,17264.8,11078.07,11116.81
07-04-2021 14:13:13,14500.0,14530.0,10827.52,10857.7,17212.69,17264.8,11078.07,11116.81
07-04-2021 14:13:43,14500.0,14530.0,10827.52,10857.7,17212.69,17264.8,11078.07,11116.81
07-04-2021 14:14:13,14500.0,14530.0,10827.52,10857.7,17212.69,17264.8,11078.07,11116.81
07-04-2021 14:14:45,14500.0,14530.0,10827.52,10857.7,17212.69,17264.8,11078.07,11116.81
07-04-2021 14:15:15,14500.0,14530.0,10827.52,10857.7,17212.69,17264.8,11078.07,11116.81
07-04-2021 14:15:45,14500.0,14530.0,10827.52,10857.7,17212.69,17264.8,11078.07,11116.81
07-04-2021 14:16:15,14500.0,14530.0,10827.52,10857.7,17212.69,17264.8,11078.07,11116.81
07-04-2021 14:16:45,14500.0,14530.0,10827.52,10857.7,17212.69,17264.8,11078.07,11116.81
07-04-2021 14:17:15,14500.0,14530.0,10827.52,10857.7,17212.69,17264.8,11078.07,11116.81
07-04-2021 14:17:45,14500.0,14530.0,10827.52,10857.7,17212.69,17264.8,11078.07,11116.81
07-04-2021 14:18:16,14500.0,14530.0,10827.52,10857.7,17212.69,17264.8,11078.07,11116.81
07-04-2021 14:18:46,14500.0,14530.0,10827.52,10857.7,17212.69,17264.8,11078.07,11116.81
07-04-2021 14:19:16,14500.0,14530.0,10827.52,10857.7,17212.69,17264.8,11078.07,11116.81
07-04-2021 14:19:47,14500.0,14530.0,10827.52,10857.7,17212.69,17264.8,11078.07,11116.81
07-04-2021 14:20:17,14505.0,14535.0,10832.47,10862.65,17212.82,17262.02,11067.39,11107.56
07-04-2021 14:20:48,14505.0,14535.0,10832.47,10862.65,17212.82,17262.02,11067.39,11107.56
07-04-2021 14:21:18,14505.0,14535.0,10832.47,10862.65,17212.82,17262.02,11067.39,11107.56
07-04-2021 14:21:48,14505.0,14535.0,10832.47,10862.65,17212.82,17262.02,11067.39,11107.56
07-04-2021 14:22:18,14505.0,14535.0,10832.47,10862.65,17212.82,17262.02,11067.39,11107.56
07-04-2021 14:22:48,14505.0,14535.0,10832.47,10862.65,17212.82,17262.02,11067.39,11107.56
07-04-2021 14:23:18,14505.0,14535.0,10832.47,10862.65,17212.82,17262.02,11067.39,11107.56
07-04-2021 14:23:48,14505.0,14535.0,10832.47,10862.65,17212.82,17262.02,11067.39,11107.56
07-04-2021 14:24:18,14505.0,14535.0,10832.47,10862.65,17212.82,17262.02,11067.39,11107.56
07-04-2021 14:24:49,14505.0,14535.0,10832.47,10862.65,17212.82,17262.02,11067.39,11107.56
07-04-2021 14:25:19,14505.0,14535.0,10832.47,10862.65,17212.82,17262.02,11067.39,11107.56
07-04-2021 14:25:49,14505.0,14535.0,10832.47,10862.65,17212.82,17262.02,11067.39,11107.56
07-04-2021 14:26:19,14505.0,14535.0,10832.47,10862.65,17212.82,17262.02,11067.39,11107.56
07-04-2021 14:26:49,14505.0,14535.0,10832.47,10862.65,17212.82,17262.02,11067.39,11107.56
07-04-2021 14:27:19,14505.0,14535.0,10832.47,10862.65,17212.82,17262.02,11067.39,11107.56
07-04-2021 14:27:50,14505.0,14535.0,10832.47,10862.65,17212.82,17262.02,11067.39,11107.56
07-04-2021 14:28:20,14505.0,14535.0,10832.47,10862.65,17212.82,17262.02,11067.39,11107.56
07-04-2021 14:28:51,14505.0,14535.0,10832.47,10862.65,17212.82,17262.02,11067.39,11107.56
07-04-2021 14:29:21,14505.0,14535.0,10832.47,10862.65,17212.82,17262.02,11067.39,11107.56
07-04-2021 14:29:51,14505.0,14535.0,10832.47,10862.65,17212.82,17262.02,11067.39,11107.56
07-04-2021 14:30:21,14510.0,14540.0,10837.01,10867.2,17220.21,17272.31,11077.01,11117.19
07-04-2021 14:30:51,14510.0,14540.0,10837.01,10867.2,17220.21,17272.31,11077.01,11117.19
07-04-2021 14:31:21,14510.0,14540.0,10837.01,10867.2,17220.21,17272.31,11077.01,11117.19
07-04-2021 14:31:52,14510.0,14540.0,10837.01,10867.2,17220.21,17272.31,11077.01,11117.19
07-04-2021 14:32:23,14510.0,14540.0,10837.01,10867.2,17220.21,17272.31,11077.01,11117.19
07-04-2021 14:32:54,14510.0,14540.0,10837.01,10867.2,17220.21,17272.31,11077.01,11117.19
07-04-2021 14:33:24,14510.0,14540.0,10837.01,10867.2,17220.21,17272.31,11077.01,11117.19
07-04-2021 14:33:54,14510.0,14540.0,10837.01,10867.2,17220.21,17272.31,11077.01,11117.19
07-04-2021 14:34:24,14510.0,14540.0,10837.01,10867.2,17220.21,17272.31,11077.01,11117.19
07-04-2021 14:34:54,14510.0,14540.0,10837.01,10867.2,17220.21,17272.31,11077.01,11117.19
07-04-2021 14:35:28,14510.0,14540.0,10837.01,10867.2,17220.21,17272.31,11077.01,11117.19
07-04-2021 14:35:58,14510.0,14540.0,10837.01,10867.2,17220.21,17272.31,11077.01,11117.19
07-04-2021 14:36:28,14510.0,14540.0,10837.01,10867.2,17220.21,17272.31,11077.01,11117.19
07-04-2021 14:36:58,14510.0,14540.0,10837.01,10867.2,17220.21,17272.31,11077.01,11117.19
07-04-2021 14:37:28,14510.0,14540.0,10837.01,10867.2,17220.21,17272.31,11077.01,11117.19
07-04-2021 14:37:58,14510.0,14540.0,10837.01,10867.2,17220.21,17272.31,11077.01,11117.19
07-04-2021 14:38:28,14510.0,14540.0,10837.01,10867.2,17220.21,17272.31,11077.01,11117.19
07-04-2021 14:38:58,14510.0,14540.0,10837.01,10867.2,17220.21,17272.31,11077.01,11117.19
07-04-2021 14:39:29,14510.0,14540.0,10837.01,10867.2,17220.21,17272.31,11077.01,11117.19
07-04-2021 14:39:59,14510.0,14540.0,10837.01,10867.2,17220.21,17272.31,11077.01,11117.19
07-04-2021 14:40:29,14515.0,14545.0,10837.51,10867.69,17215.98,17265.16,11072.12,11110.84
07-04-2021 14:40:59,14515.0,14545.0,10837.51,10867.69,17215.98,17265.16,11072.12,11110.84
07-04-2021 14:41:29,14515.0,14545.0,10837.51,10867.69,17215.98,17265.16,11072.12,11110.84
07-04-2021 14:41:59,14515.0,14545.0,10837.51,10867.69,17215.98,17265.16,11072.12,11110.84
07-04-2021 14:42:29,14515.0,14545.0,10837.51,10867.69,17215.98,17265.16,11072.12,11110.84
07-04-2021 14:43:00,14515.0,14545.0,10837.51,10867.69,17215.98,17265.16,11072.12,11110.84
07-04-2021 14:43:30,14515.0,14545.0,10837.51,10867.69,17215.98,17265.16,11072.12,11110.84
07-04-2021 14:44:00,14515.0,14545.0,10837.51,10867.69,17215.98,17265.16,11072.12,11110.84
07-04-2021 14:44:30,14515.0,14545.0,10837.51,10867.69,17215.98,17265.16,11072.12,11110.84
07-04-2021 14:45:00,14510.0,14540.0,10833.77,10863.95,17215.85,17269.41,11068.3,11107.02
07-04-2021 14:45:30,14510.0,14540.0,10833.77,10863.95,17215.85,17269.41,11068.3,11107.02
07-04-2021 14:46:00,14510.0,14540.0,10833.77,10863.95,17215.85,17269.41,11068.3,11107.02
07-04-2021 14:46:30,14510.0,14540.0,10833.77,10863.95,17215.85,17269.41,11068.3,11107.02
07-04-2021 14:47:01,14510.0,14540.0,10833.77,10863.95,17215.85,17269.41,11068.3,11107.02
07-04-2021 14:47:31,14510.0,14540.0,10833.77,10863.95,17215.85,17269.41,11068.3,11107.02
07-04-2021 14:48:01,14510.0,14540.0,10833.77,10863.95,17215.85,17269.41,11068.3,11107.02
07-04-2021 14:48:32,14510.0,14540.0,10833.77,10863.95,17215.85,17269.41,11068.3,11107.02
07-04-2021 14:49:02,14510.0,14540.0,10833.77,10863.95,17215.85,17269.41,11068.3,11107.02
07-04-2021 14:49:32,14510.0,14540.0,10833.77,10863.95,17215.85,17269.41,11068.3,11107.02
07-04-2021 14:50:02,14510.0,14540.0,10833.77,10863.95,17215.85,17269.41,11068.3,11107.02
07-04-2021 14:50:32,14510.0,14540.0,10833.77,10863.95,17215.85,17269.41,11068.3,11107.02
07-04-2021 14:51:03,14510.0,14540.0,10833.77,10863.95,17215.85,17269.41,11068.3,11107.02
07-04-2021 14:51:33,14510.0,14540.0,10833.77,10863.95,17215.85,17269.41,11068.3,11107.02
07-04-2021 14:52:03,14510.0,14540.0,10833.77,10863.95,17215.85,17269.41,11068.3,11107.02
07-04-2021 14:52:34,14510.0,14540.0,10833.77,10863.95,17215.85,17269.41,11068.3,11107.02
07-04-2021 14:53:04,14510.0,14540.0,10833.77,10863.95,17215.85,17269.41,11068.3,11107.02
07-04-2021 14:53:34,14510.0,14540.0,10833.77,10863.95,17215.85,17269.41,11068.3,11107.02
07-04-2021 14:54:04,14510.0,14540.0,10833.77,10863.95,17215.85,17269.41,11068.3,11107.02
07-04-2021 14:54:34,14510.0,14540.0,10833.77,10863.95,17215.85,17269.41,11068.3,11107.02
07-04-2021 14:55:05,14510.0,14540.0,10833.77,10863.95,17215.85,17269.41,11068.3,11107.02
07-04-2021 14:55:35,14510.0,14540.0,10833.77,10863.95,17215.85,17269.41,11068.3,11107.02
07-04-2021 14:56:05,14510.0,14540.0,10833.77,10863.95,17215.85,17269.41,11068.3,11107.02
07-04-2021 14:56:35,14510.0,14540.0,10833.77,10863.95,17215.85,17269.41,11068.3,11107.02
07-04-2021 14:57:05,14510.0,14540.0,10833.77,10863.95,17215.85,17269.41,11068.3,11107.02
07-04-2021 14:57:35,14510.0,14540.0,10833.77,10863.95,17215.85,17269.41,11068.3,11107.02
07-04-2021 14:58:05,14510.0,14540.0,10833.77,10863.95,17215.85,17269.41,11068.3,11107.02
07-04-2021 14:58:35,14510.0,14540.0,10833.77,10863.95,17215.85,17269.41,11068.3,11107.02
07-04-2021 14:59:06,14510.0,14540.0,10833.77,10863.95,17215.85,17269.41,11068.3,11107.02
07-04-2021 14:59:36,14510.0,14540.0,10833.77,10863.95,17215.85,17269.41,11068.3,11107.02
07-04-2021 15:00:06,14505.0,14535.0,10832.87,10863.06,17221.53,17273.64,11064.48,11104.65
07-04-2021 15:00:36,14505.0,14535.0,10832.87,10863.06,17221.53,17273.64,11064.48,11104.65
07-04-2021 15:01:06,14505.0,14535.0,10832.87,10863.06,17221.53,17273.64,11064.48,11104.65
07-04-2021 15:01:36,14505.0,14535.0,10832.87,10863.06,17221.53,17273.64,11064.48,11104.65
07-04-2021 15:02:06,14505.0,14535.0,10832.87,10863.06,17221.53,17273.64,11064.48,11104.65
07-04-2021 15:02:36,14505.0,14535.0,10832.87,10863.06,17221.53,17273.64,11064.48,11104.65
07-04-2021 15:03:06,14505.0,14535.0,10832.87,10863.06,17221.53,17273.64,11064.48,11104.65
07-04-2021 15:03:37,14505.0,14535.0,10832.87,10863.06,17221.53,17273.64,11064.48,11104.65
07-04-2021 15:04:07,14505.0,14535.0,10832.87,10863.06,17221.53,17273.64,11064.48,11104.65
07-04-2021 15:04:37,14505.0,14535.0,10832.87,10863.06,17221.53,17273.64,11064.48,11104.65
07-04-2021 15:05:07,14505.0,14535.0,10832.87,10863.06,17221.53,17273.64,11064.48,11104.65
07-04-2021 15:05:37,14505.0,14535.0,10832.87,10863.06,17221.53,17273.64,11064.48,11104.65
07-04-2021 15:06:07,14505.0,14535.0,10832.87,10863.06,17221.53,17273.64,11064.48,11104.65
07-04-2021 15:06:38,14505.0,14535.0,10832.87,10863.06,17221.53,17273.64,11064.48,11104.65
07-04-2021 15:07:08,14505.0,14535.0,10830.04,10860.22,17221.53,17275.09,11065.93,11106.11
07-04-2021 15:07:38,14505.0,14535.0,10830.04,10860.22,17221.53,17275.09,11065.93,11106.11
07-04-2021 15:08:09,14505.0,14535.0,10830.04,10860.22,17221.53,17275.09,11065.93,11106.11
07-04-2021 15:08:40,14505.0,14535.0,10830.04,10860.22,17221.53,17275.09,11065.93,11106.11
07-04-2021 15:09:10,14505.0,14535.0,10830.04,10860.22,17221.53,17275.09,11065.93,11106.11
07-04-2021 15:09:40,14505.0,14535.0,10830.04,10860.22,17221.53,17275.09,11065.93,11106.11
07-04-2021 15:10:10,14505.0,14535.0,10830.04,10860.22,17221.53,17275.09,11065.93,11106.11
07-04-2021 15:10:40,14505.0,14535.0,10830.04,10860.22,17221.53,17275.09,11065.93,11106.11
07-04-2021 15:11:10,14505.0,14535.0,10830.04,10860.22,17221.53,17275.09,11065.93,11106.11
07-04-2021 15:11:40,14505.0,14535.0,10830.04,10860.22,17221.53,17275.09,11065.93,11106.11
07-04-2021 15:12:11,14505.0,14535.0,10830.04,10860.22,17221.53,17275.09,11065.93,11106.11
07-04-2021 15:12:41,14505.0,14535.0,10830.04,10860.22,17221.53,17275.09,11065.93,11106.11
07-04-2021 15:13:11,14505.0,14535.0,10830.04,10860.22,17221.53,17275.09,11065.93,11106.11
07-04-2021 15:13:41,14505.0,14535.0,10830.04,10860.22,17221.53,17275.09,11065.93,11106.11
07-04-2021 15:14:11,14505.0,14535.0,10830.04,10860.22,17221.53,17275.09,11065.93,11106.11
07-04-2021 15:14:41,14505.0,14535.0,10830.04,10860.22,17221.53,17275.09,11065.93,11106.11
07-04-2021 15:15:11,14505.0,14535.0,10830.04,10860.22,17221.53,17275.09,11065.93,11106.11
07-04-2021 15:15:41,14505.0,14535.0,10830.04,10860.22,17221.53,17275.09,11065.93,11106.11
07-04-2021 15:16:12,14505.0,14535.0,10830.04,10860.22,17221.53,17275.09,11065.93,11106.11
07-04-2021 15:16:42,14505.0,14535.0,10830.04,10860.22,17221.53,17275.09,11065.93,11106.11
07-04-2021 15:17:12,14505.0,14535.0,10830.04,10860.22,17221.53,17275.09,11065.93,11106.11
07-04-2021 15:17:42,14505.0,14535.0,10830.04,10860.22,17221.53,17275.09,11065.93,11106.11
07-04-2021 15:18:12,14505.0,14535.0,10830.04,10860.22,17221.53,17275.09,11065.93,11106.11
07-04-2021 15:18:42,14505.0,14535.0,10830.04,10860.22,17221.53,17275.09,11065.93,11106.11
07-04-2021 15:19:12,14505.0,14535.0,10830.04,10860.22,17221.53,17275.09,11065.93,11106.11
07-04-2021 15:19:42,14505.0,14535.0,10830.04,10860.22,17221.53,17275.09,11065.93,11106.11
07-04-2021 15:20:12,14505.0,14535.0,10830.04,10860.22,17221.53,17275.09,11065.93,11106.11
07-04-2021 15:20:43,14505.0,14535.0,10830.04,10860.22,17221.53,17275.09,11065.93,11106.11
07-04-2021 15:21:13,14505.0,14535.0,10830.04,10860.22,17221.53,17275.09,11065.93,11106.11
07-04-2021 15:21:43,14505.0,14535.0,10830.04,10860.22,17221.53,17275.09,11065.93,11106.11
07-04-2021 15:22:13,14505.0,14535.0,10830.04,10860.22,17221.53,17275.09,11065.93,11106.11
07-04-2021 15:22:43,14505.0,14535.0,10830.04,10860.22,17221.53,17275.09,11065.93,11106.11
07-04-2021 15:23:13,14505.0,14535.0,10830.04,10860.22,17221.53,17275.09,11065.93,11106.11
07-04-2021 15:23:44,14505.0,14535.0,10830.04,10860.22,17221.53,17275.09,11065.93,11106.11
07-04-2021 15:24:14,14505.0,14535.0,10830.04,10860.22,17221.53,17275.09,11065.93,11106.11
07-04-2021 15:24:44,14505.0,14535.0,10830.04,10860.22,17221.53,17275.09,11065.93,11106.11
07-04-2021 15:25:14,14505.0,14535.0,10830.04,10860.22,17221.53,17275.09,11065.93,11106.11
07-04-2021 15:25:45,14505.0,14535.0,10830.04,10860.22,17221.53,17275.09,11065.93,11106.11
07-04-2021 15:26:15,14505.0,14535.0,10830.04,10860.22,17221.53,17275.09,11065.93,11106.11
07-04-2021 15:26:45,14505.0,14535.0,10830.04,10860.22,17221.53,17275.09,11065.93,11106.11
07-04-2021 15:27:15,14505.0,14535.0,10830.04,10860.22,17221.53,17275.09,11065.93,11106.11
07-04-2021 15:27:45,14505.0,14535.0,10830.04,10860.22,17221.53,17275.09,11065.93,11106.11
07-04-2021 15:28:16,14505.0,14535.0,10830.04,10860.22,17221.53,17275.09,11065.93,11106.11
07-04-2021 15:28:46,14505.0,14535.0,10830.04,10860.22,17221.53,17275.09,11065.93,11106.11
07-04-2021 15:29:16,14505.0,14535.0,10830.04,10860.22,17221.53,17275.09,11065.93,11106.11
07-04-2021 15:29:47,14505.0,14535.0,10830.04,10860.22,17221.53,17275.09,11065.93,11106.11
07-04-2021 15:30:17,14505.0,14535.0,10830.04,10860.22,17221.53,17275.09,11065.93,11106.11
07-04-2021 15:30:47,14505.0,14535.0,10830.04,10860.22,17221.53,17275.09,11065.93,11106.11
07-04-2021 15:31:17,14505.0,14535.0,10830.04,10860.22,17221.53,17275.09,11065.93,11106.11
07-04-2021 15:31:47,14505.0,14535.0,10830.04,10860.22,17221.53,17275.09,11065.93,11106.11
07-04-2021 15:32:18,14505.0,14535.0,10830.04,10860.22,17221.53,17275.09,11065.93,11106.11
07-04-2021 15:32:48,14505.0,14535.0,10830.04,10860.22,17221.53,17275.09,11065.93,11106.11
07-04-2021 15:33:18,14505.0,14535.0,10830.04,10860.22,17221.53,17275.09,11065.93,11106.11
07-04-2021 15:33:49,14505.0,14535.0,10830.04,10860.22,17221.53,17275.09,11065.93,11106.11
07-04-2021 15:34:19,14505.0,14535.0,10830.04,10860.22,17221.53,17275.09,11065.93,11106.11
07-04-2021 15:34:49,14505.0,14535.0,10830.04,10860.22,17221.53,17275.09,11065.93,11106.11
07-04-2021 15:35:19,14505.0,14535.0,10830.04,10860.22,17221.53,17275.09,11065.93,11106.11
07-04-2021 15:35:49,14505.0,14535.0,10830.04,10860.22,17221.53,17275.09,11065.93,11106.11
07-04-2021 15:36:19,14505.0,14535.0,10830.04,10860.22,17221.53,17275.09,11065.93,11106.11
07-04-2021 15:36:49,14505.0,14535.0,10830.04,10860.22,17221.53,17275.09,11065.93,11106.11
07-04-2021 15:37:19,14505.0,14535.0,10830.04,10860.22,17221.53,17275.09,11065.93,11106.11
07-04-2021 15:37:49,14505.0,14535.0,10830.04,10860.22,17221.53,17275.09,11065.93,11106.11
07-04-2021 15:38:20,14505.0,14535.0,10830.04,10860.22,17221.53,17275.09,11065.93,11106.11
07-04-2021 15:38:50,14505.0,14535.0,10830.04,10860.22,17221.53,17275.09,11065.93,11106.11
07-04-2021 15:39:22,14505.0,14535.0,10830.04,10860.22,17221.53,17275.09,11065.93,11106.11
07-04-2021 15:39:53,14505.0,14535.0,10830.04,10860.22,17221.53,17275.09,11065.93,11106.11
07-04-2021 15:40:23,14505.0,14535.0,10830.04,10860.22,17221.53,17275.09,11065.93,11106.11
07-04-2021 15:40:56,14505.0,14535.0,10830.04,10860.22,17221.53,17275.09,11065.93,11106.11
07-04-2021 15:41:26,14505.0,14535.0,10830.04,10860.22,17221.53,17275.09,11065.93,11106.11
07-04-2021 15:41:57,14505.0,14535.0,10830.04,10860.22,17221.53,17275.09,11065.93,11106.11
07-04-2021 15:42:27,14505.0,14535.0,10830.04,10860.22,17221.53,17275.09,11065.93,11106.11
07-04-2021 15:42:57,14505.0,14535.0,10830.04,10860.22,17221.53,17275.09,11065.93,11106.11
07-04-2021 15:43:27,14505.0,14535.0,10830.04,10860.22,17221.53,17275.09,11065.93,11106.11
07-04-2021 15:43:57,14505.0,14535.0,10830.04,10860.22,17221.53,17275.09,11065.93,11106.11
07-04-2021 15:44:27,14505.0,14535.0,10830.04,10860.22,17221.53,17275.09,11065.93,11106.11
07-04-2021 15:44:57,14505.0,14535.0,10830.04,10860.22,17221.53,17275.09,11065.93,11106.11
07-04-2021 15:45:27,14505.0,14535.0,10830.04,10860.22,17221.53,17275.09,11065.93,11106.11
07-04-2021 15:45:57,14505.0,14535.0,10830.04,10860.22,17221.53,17275.09,11065.93,11106.11
07-04-2021 15:46:28,14505.0,14535.0,10830.04,10860.22,17221.53,17275.09,11065.93,11106.11
07-04-2021 15:46:58,14505.0,14535.0,10830.04,10860.22,17221.53,17275.09,11065.93,11106.11
07-04-2021 15:47:28,14505.0,14535.0,10830.04,10860.22,17221.53,17275.09,11065.93,11106.11
07-04-2021 15:47:58,14505.0,14535.0,10830.04,10860.22,17221.53,17275.09,11065.93,11106.11
07-04-2021 15:48:28,14505.0,14535.0,10830.04,10860.22,17221.53,17275.09,11065.93,11106.11
07-04-2021 15:48:58,14505.0,14535.0,10830.04,10860.22,17221.53,17275.09,11065.93,11106.11
07-04-2021 15:49:28,14505.0,14535.0,10830.04,10860.22,17221.53,17275.09,11065.93,11106.11
07-04-2021 15:49:58,14505.0,14535.0,10830.04,10860.22,17221.53,17275.09,11065.93,11106.11
07-04-2021 15:50:28,14505.0,14535.0,10830.04,10860.22,17221.53,17275.09,11065.93,11106.11
07-04-2021 15:50:58,14505.0,14535.0,10830.04,10860.22,17221.53,17275.09,11065.93,11106.11
07-04-2021 15:51:28,14505.0,14535.0,10830.04,10860.22,17221.53,17275.09,11065.93,11106.11
07-04-2021 15:51:59,14505.0,14535.0,10830.04,10860.22,17221.53,17275.09,11065.93,11106.11
07-04-2021 15:52:29,14505.0,14535.0,10830.04,10860.22,17221.53,17275.09,11065.93,11106.11
07-04-2021 15:52:59,14505.0,14535.0,10830.04,10860.22,17221.53,17275.09,11065.93,11106.11
07-04-2021 15:53:29,14505.0,14535.0,10830.04,10860.22,17221.53,17275.09,11065.93,11106.11
07-04-2021 15:53:59,14505.0,14535.0,10830.04,10860.22,17221.53,17275.09,11065.93,11106.11
07-04-2021 15:54:30,14505.0,14535.0,10830.04,10860.22,17221.53,17275.09,11065.93,11106.11
07-04-2021 15:55:00,14505.0,14535.0,10830.04,10860.22,17221.53,17275.09,11065.93,11106.11
07-04-2021 15:55:32,14505.0,14535.0,10830.04,10860.22,17221.53,17275.09,11065.93,11106.11
07-04-2021 15:56:02,14505.0,14535.0,10830.04,10860.22,17221.53,17275.09,11065.93,11106.11
07-04-2021 15:56:32,14505.0,14535.0,10830.04,10860.22,17221.53,17275.09,11065.93,11106.11
07-04-2021 15:57:02,14505.0,14535.0,10830.04,10860.22,17221.53,17275.09,11065.93,11106.11
07-04-2021 15:57:32,14505.0,14535.0,10830.04,10860.22,17221.53,17275.09,11065.93,11106.11
07-04-2021 15:58:03,14505.0,14535.0,10830.04,10860.22,17221.53,17275.09,11065.93,11106.11
07-04-2021 15:58:33,14505.0,14535.0,10830.04,10860.22,17221.53,17275.09,11065.93,11106.11
07-04-2021 15:59:03,14505.0,14535.0,10830.04,10860.22,17221.53,17275.09,11065.93,11106.11
07-04-2021 15:59:33,14505.0,14535.0,10830.04,10860.22,17221.53,17275.09,11065.93,11106.11
07-04-2021 16:00:04,14505.0,14535.0,10830.04,10860.22,17221.53,17275.09,11065.93,11106.11
07-04-2021 16:00:34,14505.0,14535.0,10830.04,10860.22,17221.53,17275.09,11065.93,11106.11
07-04-2021 16:01:04,14505.0,14535.0,10830.04,10860.22,17221.53,17275.09,11065.93,11106.11
07-04-2021 16:01:35,14505.0,14535.0,10830.04,10860.22,17221.53,17275.09,11065.93,11106.11
07-04-2021 16:02:05,14505.0,14535.0,10830.04,10860.22,17221.53,17275.09,11065.93,11106.11
07-04-2021 16:02:35,14505.0,14535.0,10830.04,10860.22,17221.53,17275.09,11065.93,11106.11
07-04-2021 16:03:05,14505.0,14535.0,10830.04,10860.22,17221.53,17275.09,11065.93,11106.11
07-04-2021 16:03:35,14505.0,14535.0,10830.04,10860.22,17221.53,17275.09,11065.93,11106.11
07-04-2021 16:04:05,14505.0,14535.0,10830.04,10860.22,17221.53,17275.09,11065.93,11106.11
07-04-2021 16:04:35,14505.0,14535.0,10830.04,10860.22,17221.53,17275.09,11065.93,11106.11
07-04-2021 16:05:05,14505.0,14535.0,10830.04,10860.22,17221.53,17275.09,11065.93,11106.11
07-04-2021 16:05:35,14505.0,14535.0,10830.04,10860.22,17221.53,17275.09,11065.93,11106.11
07-04-2021 16:06:05,14505.0,14535.0,10830.04,10860.22,17221.53,17275.09,11065.93,11106.11
07-04-2021 16:06:36,14505.0,14535.0,10830.04,10860.22,17221.53,17275.09,11065.93,11106.11
07-04-2021 16:07:06,14505.0,14535.0,10830.04,10860.22,17221.53,17275.09,11065.93,11106.11
07-04-2021 16:07:36,14505.0,14535.0,10830.04,10860.22,17221.53,17275.09,11065.93,11106.11
07-04-2021 16:08:06,14505.0,14535.0,10830.04,10860.22,17221.53,17275.09,11065.93,11106.11
07-04-2021 16:08:36,14505.0,14535.0,10830.04,10860.22,17221.53,17275.09,11065.93,11106.11
07-04-2021 16:09:06,14505.0,14535.0,10830.04,10860.22,17221.53,17275.09,11065.93,11106.11
07-04-2021 16:09:36,14505.0,14535.0,10830.04,10860.22,17221.53,17275.09,11065.93,11106.11
07-04-2021 16:10:06,14505.0,14535.0,10830.04,10860.22,17221.53,17275.09,11065.93,11106.11
07-04-2021 16:10:36,14505.0,14535.0,10830.04,10860.22,17221.53,17275.09,11065.93,11106.11
07-04-2021 16:11:06,14505.0,14535.0,10830.04,10860.22,17221.53,17275.09,11065.93,11106.11
07-04-2021 16:11:37,14505.0,14535.0,10830.04,10860.22,17221.53,17275.09,11065.93,11106.11
07-04-2021 16:12:07,14505.0,14535.0,10830.04,10860.22,17221.53,17275.09,11065.93,11106.11
07-04-2021 16:12:37,14505.0,14535.0,10830.04,10860.22,17221.53,17275.09,11065.93,11106.11
07-04-2021 16:13:07,14505.0,14535.0,10830.04,10860.22,17221.53,17275.09,11065.93,11106.11
07-04-2021 16:13:37,14505.0,14535.0,10830.04,10860.22,17221.53,17275.09,11065.93,11106.11
07-04-2021 16:14:08,14505.0,14535.0,10830.04,10860.22,17221.53,17275.09,11065.93,11106.11
07-04-2021 16:14:38,14505.0,14535.0,10830.04,10860.22,17221.53,17275.09,11065.93,11106.11
07-04-2021 16:15:08,14505.0,14535.0,10830.04,10860.22,17221.53,17275.09,11065.93,11106.11
07-04-2021 16:15:39,14505.0,14535.0,10830.04,10860.22,17221.53,17275.09,11065.93,11106.11
07-04-2021 16:16:09,14505.0,14535.0,10830.04,10860.22,17221.53,17275.09,11065.93,11106.11
07-04-2021 16:16:39,14505.0,14535.0,10830.04,10860.22,17221.53,17275.09,11065.93,11106.11
07-04-2021 16:17:09,14505.0,14535.0,10830.04,10860.22,17221.53,17275.09,11065.93,11106.11
07-04-2021 16:17:39,14505.0,14535.0,10830.04,10860.22,17221.53,17275.09,11065.93,11106.11
07-04-2021 16:18:09,14505.0,14535.0,10830.04,10860.22,17221.53,17275.09,11065.93,11106.11
07-04-2021 16:18:40,14505.0,14535.0,10830.04,10860.22,17221.53,17275.09,11065.93,11106.11
07-04-2021 16:19:11,14505.0,14535.0,10830.04,10860.22,17221.53,17275.09,11065.93,11106.11
07-04-2021 16:19:41,14505.0,14535.0,10830.04,10860.22,17221.53,17275.09,11065.93,11106.11
07-04-2021 16:20:12,14505.0,14535.0,10830.04,10860.22,17221.53,17275.09,11065.93,11106.11
07-04-2021 16:20:42,14505.0,14535.0,10830.04,10860.22,17221.53,17275.09,11065.93,11106.11
07-04-2021 16:21:12,14505.0,14535.0,10830.04,10860.22,17221.53,17275.09,11065.93,11106.11
07-04-2021 16:21:42,14505.0,14535.0,10830.04,10860.22,17221.53,17275.09,11065.93,11106.11
07-04-2021 16:22:12,14505.0,14535.0,10830.04,10860.22,17221.53,17275.09,11065.93,11106.11
07-04-2021 16:22:42,14505.0,14535.0,10830.04,10860.22,17221.53,17275.09,11065.93,11106.11
07-04-2021 16:23:12,14505.0,14535.0,10830.04,10860.22,17221.53,17275.09,11065.93,11106.11
07-04-2021 16:23:42,14505.0,14535.0,10830.04,10860.22,17221.53,17275.09,11065.93,11106.11
07-04-2021 16:24:12,14505.0,14535.0,10830.04,10860.22,17221.53,17275.09,11065.93,11106.11
07-04-2021 16:24:43,14505.0,14535.0,10830.04,10860.22,17221.53,17275.09,11065.93,11106.11
07-04-2021 16:25:13,14505.0,14535.0,10830.04,10860.22,17221.53,17275.09,11065.93,11106.11
07-04-2021 16:25:43,14505.0,14535.0,10830.04,10860.22,17221.53,17275.09,11065.93,11106.11
07-04-2021 16:26:13,14505.0,14535.0,10830.04,10860.22,17221.53,17275.09,11065.93,11106.11
07-04-2021 16:26:43,14505.0,14535.0,10830.04,10860.22,17221.53,17275.09,11065.93,11106.11
07-04-2021 16:27:13,14505.0,14535.0,10830.04,10860.22,17221.53,17275.09,11065.93,11106.11
07-04-2021 16:27:43,14505.0,14535.0,10830.04,10860.22,17221.53,17275.09,11065.93,11106.11
07-04-2021 16:28:13,14505.0,14535.0,10830.04,10860.22,17221.53,17275.09,11065.93,11106.11
07-04-2021 16:28:43,14505.0,14535.0,10830.04,10860.22,17221.53,17275.09,11065.93,11106.11
07-04-2021 16:29:13,14505.0,14535.0,10830.04,10860.22,17221.53,17275.09,11065.93,11106.11
07-04-2021 16:29:43,14505.0,14535.0,10830.04,10860.22,17221.53,17275.09,11065.93,11106.11
07-04-2021 16:30:14,14505.0,14535.0,10830.04,10860.22,17221.53,17275.09,11065.93,11106.11
07-04-2021 16:30:44,14505.0,14535.0,10830.04,10860.22,17221.53,17275.09,11065.93,11106.11
07-04-2021 16:31:14,14505.0,14535.0,10830.04,10860.22,17221.53,17275.09,11065.93,11106.11
07-04-2021 16:31:44,14505.0,14535.0,10830.04,10860.22,17221.53,17275.09,11065.93,11106.11
07-04-2021 16:32:14,14505.0,14535.0,10830.04,10860.22,17221.53,17275.09,11065.93,11106.11
07-04-2021 16:32:44,14505.0,14535.0,10830.04,10860.22,17221.53,17275.09,11065.93,11106.11
07-04-2021 16:33:14,14505.0,14535.0,10830.04,10860.22,17221.53,17275.09,11065.93,11106.11
07-04-2021 16:33:44,14505.0,14535.0,10830.04,10860.22,17221.53,17275.09,11065.93,11106.11
07-04-2021 16:34:14,14505.0,14535.0,10830.04,10860.22,17221.53,17275.09,11065.93,11106.11
07-04-2021 16:34:44,14505.0,14535.0,10830.04,10860.22,17221.53,17275.09,11065.93,11106.11
07-04-2021 16:35:15,14505.0,14535.0,10830.04,10860.22,17221.53,17275.09,11065.93,11106.11
07-04-2021 16:35:45,14505.0,14535.0,10830.04,10860.22,17221.53,17275.09,11065.93,11106.11
07-04-2021 16:36:15,14505.0,14535.0,10830.04,10860.22,17221.53,17275.09,11065.93,11106.11
07-04-2021 16:36:45,14505.0,14535.0,10830.04,10860.22,17221.53,17275.09,11065.93,11106.11
07-04-2021 16:37:15,14505.0,14535.0,10830.04,10860.22,17221.53,17275.09,11065.93,11106.11
07-04-2021 16:37:45,14505.0,14535.0,10830.04,10860.22,17221.53,17275.09,11065.93,11106.11
07-04-2021 16:38:15,14505.0,14535.0,10830.04,10860.22,17221.53,17275.09,11065.93,11106.11
07-04-2021 16:38:45,14505.0,14535.0,10830.04,10860.22,17221.53,17275.09,11065.93,11106.11
07-04-2021 16:39:15,14505.0,14535.0,10830.04,10860.22,17221.53,17275.09,11065.93,11106.11
07-04-2021 16:39:45,14505.0,14535.0,10830.04,10860.22,17221.53,17275.09,11065.93,11106.11
07-04-2021 16:40:16,14505.0,14535.0,10830.04,10860.22,17221.53,17275.09,11065.93,11106.11
07-04-2021 16:40:46,14505.0,14535.0,10830.04,10860.22,17221.53,17275.09,11065.93,11106.11
07-04-2021 16:41:16,14505.0,14535.0,10830.04,10860.22,17221.53,17275.09,11065.93,11106.11
07-04-2021 16:41:46,14505.0,14535.0,10830.04,10860.22,17221.53,17275.09,11065.93,11106.11
07-04-2021 16:42:16,14505.0,14535.0,10830.04,10860.22,17221.53,17275.09,11065.93,11106.11
07-04-2021 16:42:47,14505.0,14535.0,10830.04,10860.22,17221.53,17275.09,11065.93,11106.11
07-04-2021 16:43:17,14505.0,14535.0,10830.04,10860.22,17221.53,17275.09,11065.93,11106.11
07-04-2021 16:43:47,14505.0,14535.0,10830.04,10860.22,17221.53,17275.09,11065.93,11106.11
07-04-2021 16:44:17,14505.0,14535.0,10830.04,10860.22,17221.53,17275.09,11065.93,11106.11
07-04-2021 16:44:48,14505.0,14535.0,10830.04,10860.22,17221.53,17275.09,11065.93,11106.11
07-04-2021 16:45:18,14505.0,14535.0,10830.04,10860.22,17221.53,17275.09,11065.93,11106.11
07-04-2021 16:45:48,14505.0,14535.0,10830.04,10860.22,17221.53,17275.09,11065.93,11106.11
07-04-2021 16:46:18,14505.0,14535.0,10830.04,10860.22,17221.53,17275.09,11065.93,11106.11
07-04-2021 16:46:48,14505.0,14535.0,10830.04,10860.22,17221.53,17275.09,11065.93,11106.11
07-04-2021 16:47:18,14505.0,14535.0,10830.04,10860.22,17221.53,17275.09,11065.93,11106.11
07-04-2021 16:47:48,14505.0,14535.0,10830.04,10860.22,17221.53,17275.09,11065.93,11106.11
07-04-2021 16:48:18,14505.0,14535.0,10830.04,10860.22,17221.53,17275.09,11065.93,11106.11
07-04-2021 16:48:48,14505.0,14535.0,10830.04,10860.22,17221.53,17275.09,11065.93,11106.11
07-04-2021 16:49:18,14505.0,14535.0,10830.04,10860.22,17221.53,17275.09,11065.93,11106.11
07-04-2021 16:49:48,14505.0,14535.0,10830.04,10860.22,17221.53,17275.09,11065.93,11106.11
07-04-2021 16:50:19,14505.0,14535.0,10830.04,10860.22,17221.53,17275.09,11065.93,11106.11
07-04-2021 16:50:49,14505.0,14535.0,10830.04,10860.22,17221.53,17275.09,11065.93,11106.11
07-04-2021 16:51:19,14505.0,14535.0,10830.04,10860.22,17221.53,17275.09,11065.93,11106.11
07-04-2021 16:51:49,14505.0,14535.0,10830.04,10860.22,17221.53,17275.09,11065.93,11106.11
07-04-2021 16:52:19,14505.0,14535.0,10830.04,10860.22,17221.53,17275.09,11065.93,11106.11
07-04-2021 16:52:49,14505.0,14535.0,10830.04,10860.22,17221.53,17275.09,11065.93,11106.11
07-04-2021 16:53:19,14505.0,14535.0,10830.04,10860.22,17221.53,17275.09,11065.93,11106.11
07-04-2021 16:53:49,14505.0,14535.0,10830.04,10860.22,17221.53,17275.09,11065.93,11106.11
07-04-2021 16:54:19,14505.0,14535.0,10830.04,10860.22,17221.53,17275.09,11065.93,11106.11
07-04-2021 16:54:49,14505.0,14535.0,10830.04,10860.22,17221.53,17275.09,11065.93,11106.11
07-04-2021 16:55:20,14505.0,14535.0,10830.04,10860.22,17221.53,17275.09,11065.93,11106.11
07-04-2021 16:55:50,14505.0,14535.0,10830.04,10860.22,17221.53,17275.09,11065.93,11106.11
07-04-2021 16:56:21,14505.0,14535.0,10830.04,10860.22,17221.53,17275.09,11065.93,11106.11
07-04-2021 16:56:51,14505.0,14535.0,10830.04,10860.22,17221.53,17275.09,11065.93,11106.11
07-04-2021 16:57:21,14505.0,14535.0,10830.04,10860.22,17221.53,17275.09,11065.93,11106.11
07-04-2021 16:57:51,14505.0,14535.0,10830.04,10860.22,17221.53,17275.09,11065.93,11106.11
07-04-2021 16:58:21,14505.0,14535.0,10830.04,10860.22,17221.53,17275.09,11065.93,11106.11
07-04-2021 16:58:51,14505.0,14535.0,10830.04,10860.22,17221.53,17275.09,11065.93,11106.11
07-04-2021 16:59:21,14505.0,14535.0,10830.04,10860.22,17221.53,17275.09,11065.93,11106.11
07-04-2021 16:59:52,14505.0,14535.0,10830.04,10860.22,17221.53,17275.09,11065.93,11106.11
07-04-2021 17:00:22,14505.0,14535.0,10830.04,10860.22,17221.53,17275.09,11065.93,11106.11
07-04-2021 17:00:52,14505.0,14535.0,10830.04,10860.22,17221.53,17275.09,11065.93,11106.11
07-04-2021 17:01:22,14505.0,14535.0,10830.04,10860.22,17221.53,17275.09,11065.93,11106.11
07-04-2021 17:01:52,14505.0,14535.0,10830.04,10860.22,17221.53,17275.09,11065.93,11106.11
07-04-2021 17:02:22,14505.0,14535.0,10830.04,10860.22,17221.53,17275.09,11065.93,11106.11
07-04-2021 17:02:52,14505.0,14535.0,10830.04,10860.22,17221.53,17275.09,11065.93,11106.11
07-04-2021 17:03:22,14505.0,14535.0,10830.04,10860.22,17221.53,17275.09,11065.93,11106.11
07-04-2021 17:03:53,14505.0,14535.0,10830.04,10860.22,17221.53,17275.09,11065.93,11106.11
07-04-2021 17:04:23,14505.0,14535.0,10830.04,10860.22,17221.53,17275.09,11065.93,11106.11
07-04-2021 17:04:53,14505.0,14535.0,10830.04,10860.22,17221.53,17275.09,11065.93,11106.11
07-04-2021 17:05:23,14505.0,14535.0,10830.04,10860.22,17221.53,17275.09,11065.93,11106.11
07-04-2021 17:05:53,14505.0,14535.0,10830.04,10860.22,17221.53,17275.09,11065.93,11106.11
07-04-2021 17:06:23,14505.0,14535.0,10830.04,10860.22,17221.53,17275.09,11065.93,11106.11
07-04-2021 17:06:53,14505.0,14535.0,10830.04,10860.22,17221.53,17275.09,11065.93,11106.11
07-04-2021 17:07:23,14505.0,14535.0,10830.04,10860.22,17221.53,17275.09,11065.93,11106.11
07-04-2021 17:07:53,14505.0,14535.0,10830.04,10860.22,17221.53,17275.09,11065.93,11106.11
07-04-2021 17:08:24,14505.0,14535.0,10830.04,10860.22,17221.53,17275.09,11065.93,11106.11
07-04-2021 17:08:54,14505.0,14535.0,10830.04,10860.22,17221.53,17275.09,11065.93,11106.11
07-04-2021 17:09:24,14505.0,14535.0,10830.04,10860.22,17221.53,17275.09,11065.93,11106.11
07-04-2021 17:09:54,14505.0,14535.0,10830.04,10860.22,17221.53,17275.09,11065.93,11106.11
07-04-2021 17:10:24,14505.0,14535.0,10830.04,10860.22,17221.53,17275.09,11065.93,11106.11
07-04-2021 17:10:54,14505.0,14535.0,10830.04,10860.22,17221.53,17275.09,11065.93,11106.11
07-04-2021 17:11:24,14505.0,14535.0,10830.04,10860.22,17221.53,17275.09,11065.93,11106.11
07-04-2021 17:11:55,14505.0,14535.0,10830.04,10860.22,17221.53,17275.09,11065.93,11106.11
07-04-2021 17:12:25,14505.0,14535.0,10830.04,10860.22,17221.53,17275.09,11065.93,11106.11
07-04-2021 17:12:55,14505.0,14535.0,10830.04,10860.22,17221.53,17275.09,11065.93,11106.11
07-04-2021 17:13:26,14505.0,14535.0,10830.04,10860.22,17221.53,17275.09,11065.93,11106.11
07-04-2021 17:13:56,14505.0,14535.0,10830.04,10860.22,17221.53,17275.09,11065.93,11106.11
07-04-2021 17:14:26,14505.0,14535.0,10830.04,10860.22,17221.53,17275.09,11065.93,11106.11
07-04-2021 17:14:56,14505.0,14535.0,10830.04,10860.22,17221.53,17275.09,11065.93,11106.11
07-04-2021 17:15:26,14505.0,14535.0,10830.04,10860.22,17221.53,17275.09,11065.93,11106.11
07-04-2021 17:15:56,14505.0,14535.0,10830.04,10860.22,17221.53,17275.09,11065.93,11106.11
07-04-2021 17:16:26,14505.0,14535.0,10830.04,10860.22,17221.53,17275.09,11065.93,11106.11
07-04-2021 17:16:56,14505.0,14535.0,10830.04,10860.22,17221.53,17275.09,11065.93,11106.11
07-04-2021 17:17:26,14505.0,14535.0,10830.04,10860.22,17221.53,17275.09,11065.93,11106.11
07-04-2021 17:17:56,14505.0,14535.0,10830.04,10860.22,17221.53,17275.09,11065.93,11106.11
07-04-2021 17:18:27,14505.0,14535.0,10830.04,10860.22,17221.53,17275.09,11065.93,11106.11
07-04-2021 17:18:57,14505.0,14535.0,10830.04,10860.22,17221.53,17275.09,11065.93,11106.11
07-04-2021 17:19:27,14505.0,14535.0,10830.04,10860.22,17221.53,17275.09,11065.93,11106.11
07-04-2021 17:19:57,14505.0,14535.0,10830.04,10860.22,17221.53,17275.09,11065.93,11106.11
07-04-2021 17:20:28,14505.0,14535.0,10830.04,10860.22,17221.53,17275.09,11065.93,11106.11
07-04-2021 17:20:58,14505.0,14535.0,10830.04,10860.22,17221.53,17275.09,11065.93,11106.11
07-04-2021 17:21:28,14505.0,14535.0,10830.04,10860.22,17221.53,17275.09,11065.93,11106.11
07-04-2021 17:21:58,14505.0,14535.0,10830.04,10860.22,17221.53,17275.09,11065.93,11106.11
07-04-2021 17:22:28,14505.0,14535.0,10830.04,10860.22,17221.53,17275.09,11065.93,11106.11
07-04-2021 17:22:58,14505.0,14535.0,10830.04,10860.22,17221.53,17275.09,11065.93,11106.11
07-04-2021 17:23:29,14505.0,14535.0,10830.04,10860.22,17221.53,17275.09,11065.93,11106.11
07-04-2021 17:23:59,14505.0,14535.0,10830.04,10860.22,17221.53,17275.09,11065.93,11106.11
07-04-2021 17:24:29,14505.0,14535.0,10830.04,10860.22,17221.53,17275.09,11065.93,11106.11
07-04-2021 17:24:59,14505.0,14535.0,10830.04,10860.22,17221.53,17275.09,11065.93,11106.11
07-04-2021 17:25:33,14505.0,14535.0,10830.04,10860.22,17221.53,17275.09,11065.93,11106.11
07-04-2021 17:26:03,14505.0,14535.0,10830.04,10860.22,17221.53,17275.09,11065.93,11106.11
07-04-2021 17:26:33,14505.0,14535.0,10830.04,10860.22,17221.53,17275.09,11065.93,11106.11
07-04-2021 17:27:03,14505.0,14535.0,10830.04,10860.22,17221.53,17275.09,11065.93,11106.11
07-04-2021 17:27:35,14505.0,14535.0,10830.04,10860.22,17221.53,17275.09,11065.93,11106.11
07-04-2021 17:28:05,14505.0,14535.0,10830.04,10860.22,17221.53,17275.09,11065.93,11106.11
07-04-2021 17:28:35,14505.0,14535.0,10830.04,10860.22,17221.53,17275.09,11065.93,11106.11
07-04-2021 17:29:05,14505.0,14535.0,10830.04,10860.22,17221.53,17275.09,11065.93,11106.11
07-04-2021 17:29:35,14505.0,14535.0,10830.04,10860.22,17221.53,17275.09,11065.93,11106.11
07-04-2021 17:30:06,14505.0,14535.0,10830.04,10860.22,17221.53,17275.09,11065.93,11106.11
07-04-2021 17:30:36,14505.0,14535.0,10830.04,10860.22,17221.53,17275.09,11065.93,11106.11
07-04-2021 17:31:07,14505.0,14535.0,10830.04,10860.22,17221.53,17275.09,11065.93,11106.11
07-04-2021 17:31:37,14505.0,14535.0,10830.04,10860.22,17221.53,17275.09,11065.93,11106.11
07-04-2021 17:32:07,14505.0,14535.0,10830.04,10860.22,17221.53,17275.09,11065.93,11106.11
07-04-2021 17:32:37,14505.0,14535.0,10830.04,10860.22,17221.53,17275.09,11065.93,11106.11
07-04-2021 17:33:07,14505.0,14535.0,10830.04,10860.22,17221.53,17275.09,11065.93,11106.11
07-04-2021 17:33:37,14505.0,14535.0,10830.04,10860.22,17221.53,17275.09,11065.93,11106.11
07-04-2021 17:34:07,14505.0,14535.0,10830.04,10860.22,17221.53,17275.09,11065.93,11106.11
07-04-2021 17:34:38,14505.0,14535.0,10830.04,10860.22,17221.53,17275.09,11065.93,11106.11
07-04-2021 17:35:08,14505.0,14535.0,10830.04,10860.22,17221.53,17275.09,11065.93,11106.11
07-04-2021 17:35:38,14505.0,14535.0,10830.04,10860.22,17221.53,17275.09,11065.93,11106.11
07-04-2021 17:36:09,14505.0,14535.0,10830.04,10860.22,17221.53,17275.09,11065.93,11106.11
07-04-2021 17:36:39,14505.0,14535.0,10830.04,10860.22,17221.53,17275.09,11065.93,11106.11
07-04-2021 17:37:09,14505.0,14535.0,10830.04,10860.22,17221.53,17275.09,11065.93,11106.11
07-04-2021 17:37:39,14505.0,14535.0,10830.04,10860.22,17221.53,17275.09,11065.93,11106.11
07-04-2021 17:38:09,14505.0,14535.0,10830.04,10860.22,17221.53,17275.09,11065.93,11106.11
07-04-2021 17:38:39,14505.0,14535.0,10830.04,10860.22,17221.53,17275.09,11065.93,11106.11
07-04-2021 17:39:09,14505.0,14535.0,10830.04,10860.22,17221.53,17275.09,11065.93,11106.11
07-04-2021 17:39:40,14505.0,14535.0,10830.04,10860.22,17221.53,17275.09,11065.93,11106.11
07-04-2021 17:40:10,14505.0,14535.0,10830.04,10860.22,17221.53,17275.09,11065.93,11106.11
07-04-2021 17:40:40,14505.0,14535.0,10830.04,10860.22,17221.53,17275.09,11065.93,11106.11
07-04-2021 17:41:10,14505.0,14535.0,10830.04,10860.22,17221.53,17275.09,11065.93,11106.11
07-04-2021 17:41:40,14505.0,14535.0,10830.04,10860.22,17221.53,17275.09,11065.93,11106.11
07-04-2021 17:42:11,14505.0,14535.0,10830.04,10860.22,17221.53,17275.09,11065.93,11106.11
07-04-2021 17:42:41,14505.0,14535.0,10830.04,10860.22,17221.53,17275.09,11065.93,11106.11
07-04-2021 17:43:11,14505.0,14535.0,10830.04,10860.22,17221.53,17275.09,11065.93,11106.11
07-04-2021 17:43:41,14505.0,14535.0,10830.04,10860.22,17221.53,17275.09,11065.93,11106.11
07-04-2021 17:44:11,14505.0,14535.0,10830.04,10860.22,17221.53,17275.09,11065.93,11106.11
07-04-2021 17:44:42,14505.0,14535.0,10830.04,10860.22,17221.53,17275.09,11065.93,11106.11
07-04-2021 17:45:12,14505.0,14535.0,10830.04,10860.22,17221.53,17275.09,11065.93,11106.11
07-04-2021 17:45:42,14505.0,14535.0,10830.04,10860.22,17221.53,17275.09,11065.93,11106.11
07-04-2021 17:46:12,14505.0,14535.0,10830.04,10860.22,17221.53,17275.09,11065.93,11106.11
07-04-2021 17:46:42,14505.0,14535.0,10830.04,10860.22,17221.53,17275.09,11065.93,11106.11
07-04-2021 17:47:12,14505.0,14535.0,10830.04,10860.22,17221.53,17275.09,11065.93,11106.11
07-04-2021 17:47:42,14505.0,14535.0,10830.04,10860.22,17221.53,17275.09,11065.93,11106.11
07-04-2021 17:48:12,14505.0,14535.0,10830.04,10860.22,17221.53,17275.09,11065.93,11106.11
07-04-2021 17:48:42,14505.0,14535.0,10830.04,10860.22,17221.53,17275.09,11065.93,11106.11
07-04-2021 17:49:12,14505.0,14535.0,10830.04,10860.22,17221.53,17275.09,11065.93,11106.11
07-04-2021 17:49:42,14505.0,14535.0,10830.04,10860.22,17221.53,17275.09,11065.93,11106.11
07-04-2021 17:50:13,14505.0,14535.0,10830.04,10860.22,17221.53,17275.09,11065.93,11106.11
07-04-2021 17:50:43,14505.0,14535.0,10830.04,10860.22,17221.53,17275.09,11065.93,11106.11
07-04-2021 17:51:13,14505.0,14535.0,10830.04,10860.22,17221.53,17275.09,11065.93,11106.11
07-04-2021 17:51:43,14505.0,14535.0,10830.04,10860.22,17221.53,17275.09,11065.93,11106.11
07-04-2021 17:52:13,14505.0,14535.0,10830.04,10860.22,17221.53,17275.09,11065.93,11106.11
07-04-2021 17:52:43,14505.0,14535.0,10830.04,10860.22,17221.53,17275.09,11065.93,11106.11
07-04-2021 17:53:13,14505.0,14535.0,10830.04,10860.22,17221.53,17275.09,11065.93,11106.11
07-04-2021 17:53:43,14505.0,14535.0,10830.04,10860.22,17221.53,17275.09,11065.93,11106.11
07-04-2021 17:54:13,14505.0,14535.0,10830.04,10860.22,17221.53,17275.09,11065.93,11106.11
07-04-2021 17:54:43,14505.0,14535.0,10830.04,10860.22,17221.53,17275.09,11065.93,11106.11
07-04-2021 17:55:13,14505.0,14535.0,10830.04,10860.22,17221.53,17275.09,11065.93,11106.11
07-04-2021 17:55:44,14505.0,14535.0,10830.04,10860.22,17221.53,17275.09,11065.93,11106.11
07-04-2021 17:56:14,14505.0,14535.0,10830.04,10860.22,17221.53,17275.09,11065.93,11106.11
07-04-2021 17:56:44,14505.0,14535.0,10830.04,10860.22,17221.53,17275.09,11065.93,11106.11
07-04-2021 17:57:14,14505.0,14535.0,10830.04,10860.22,17221.53,17275.09,11065.93,11106.11
07-04-2021 17:57:44,14505.0,14535.0,10830.04,10860.22,17221.53,17275.09,11065.93,11106.11
07-04-2021 17:58:14,14505.0,14535.0,10830.04,10860.22,17221.53,17275.09,11065.93,11106.11
07-04-2021 17:58:44,14505.0,14535.0,10830.04,10860.22,17221.53,17275.09,11065.93,11106.11
07-04-2021 17:59:14,14505.0,14535.0,10830.04,10860.22,17221.53,17275.09,11065.93,11106.11
07-04-2021 17:59:44,14505.0,14535.0,10830.04,10860.22,17221.53,17275.09,11065.93,11106.11
07-04-2021 18:00:14,14505.0,14535.0,10830.04,10860.22,17221.53,17275.09,11065.93,11106.11
07-04-2021 18:00:45,14505.0,14535.0,10830.04,10860.22,17221.53,17275.09,11065.93,11106.11
07-04-2021 18:01:15,14505.0,14535.0,10830.04,10860.22,17221.53,17275.09,11065.93,11106.11
07-04-2021 18:01:45,14505.0,14535.0,10830.04,10860.22,17221.53,17275.09,11065.93,11106.11
07-04-2021 18:02:15,14505.0,14535.0,10830.04,10860.22,17221.53,17275.09,11065.93,11106.11
07-04-2021 18:02:45,14505.0,14535.0,10830.04,10860.22,17221.53,17275.09,11065.93,11106.11
07-04-2021 18:03:16,14505.0,14535.0,10830.04,10860.22,17221.53,17275.09,11065.93,11106.11
07-04-2021 18:03:46,14505.0,14535.0,10830.04,10860.22,17221.53,17275.09,11065.93,11106.11
07-04-2021 18:04:16,14505.0,14535.0,10830.04,10860.22,17221.53,17275.09,11065.93,11106.11
07-04-2021 18:04:46,14505.0,14535.0,10830.04,10860.22,17221.53,17275.09,11065.93,11106.11
07-04-2021 18:05:16,14505.0,14535.0,10830.04,10860.22,17221.53,17275.09,11065.93,11106.11
07-04-2021 18:05:48,14505.0,14535.0,10830.04,10860.22,17221.53,17275.09,11065.93,11106.11
07-04-2021 18:06:18,14505.0,14535.0,10830.04,10860.22,17221.53,17275.09,11065.93,11106.11
07-04-2021 18:06:48,14505.0,14535.0,10830.04,10860.22,17221.53,17275.09,11065.93,11106.11
07-04-2021 18:07:18,14505.0,14535.0,10830.04,10860.22,17221.53,17275.09,11065.93,11106.11
07-04-2021 18:07:48,14505.0,14535.0,10830.04,10860.22,17221.53,17275.09,11065.93,11106.11
07-04-2021 18:08:18,14505.0,14535.0,10830.04,10860.22,17221.53,17275.09,11065.93,11106.11
07-04-2021 18:08:48,14505.0,14535.0,10830.04,10860.22,17221.53,17275.09,11065.93,11106.11
07-04-2021 18:09:18,14505.0,14535.0,10830.04,10860.22,17221.53,17275.09,11065.93,11106.11
07-04-2021 18:09:49,14505.0,14535.0,10830.04,10860.22,17221.53,17275.09,11065.93,11106.11
07-04-2021 18:10:19,14505.0,14535.0,10830.04,10860.22,17221.53,17275.09,11065.93,11106.11
07-04-2021 18:10:50,14505.0,14535.0,10830.04,10860.22,17221.53,17275.09,11065.93,11106.11
07-04-2021 18:11:20,14505.0,14535.0,10830.04,10860.22,17221.53,17275.09,11065.93,11106.11
07-04-2021 18:11:50,14505.0,14535.0,10830.04,10860.22,17221.53,17275.09,11065.93,11106.11
07-04-2021 18:12:20,14505.0,14535.0,10830.04,10860.22,17221.53,17275.09,11065.93,11106.11
07-04-2021 18:12:50,14505.0,14535.0,10830.04,10860.22,17221.53,17275.09,11065.93,11106.11
07-04-2021 18:13:20,14505.0,14535.0,10830.04,10860.22,17221.53,17275.09,11065.93,11106.11
07-04-2021 18:13:50,14505.0,14535.0,10830.04,10860.22,17221.53,17275.09,11065.93,11106.11
07-04-2021 18:14:23,14505.0,14535.0,10830.04,10860.22,17221.53,17275.09,11065.93,11106.11
07-04-2021 18:14:54,14505.0,14535.0,10830.04,10860.22,17221.53,17275.09,11065.93,11106.11
07-04-2021 18:15:24,14505.0,14535.0,10830.04,10860.22,17221.53,17275.09,11065.93,11106.11
07-04-2021 18:15:54,14505.0,14535.0,10830.04,10860.22,17221.53,17275.09,11065.93,11106.11
07-04-2021 18:16:24,14505.0,14535.0,10830.04,10860.22,17221.53,17275.09,11065.93,11106.11
07-04-2021 18:16:54,14505.0,14535.0,10830.04,10860.22,17221.53,17275.09,11065.93,11106.11
07-04-2021 18:17:24,14505.0,14535.0,10830.04,10860.22,17221.53,17275.09,11065.93,11106.11
07-04-2021 18:17:54,14505.0,14535.0,10830.04,10860.22,17221.53,17275.09,11065.93,11106.11
07-04-2021 18:18:25,14505.0,14535.0,10830.04,10860.22,17221.53,17275.09,11065.93,11106.11
07-04-2021 18:18:55,14505.0,14535.0,10830.04,10860.22,17221.53,17275.09,11065.93,11106.11
07-04-2021 18:19:25,14505.0,14535.0,10830.04,10860.22,17221.53,17275.09,11065.93,11106.11
07-04-2021 18:19:55,14505.0,14535.0,10830.04,10860.22,17221.53,17275.09,11065.93,11106.11
07-04-2021 18:20:25,14505.0,14535.0,10830.04,10860.22,17221.53,17275.09,11065.93,11106.11
07-04-2021 18:20:55,14505.0,14535.0,10830.04,10860.22,17221.53,17275.09,11065.93,11106.11
07-04-2021 18:21:25,14505.0,14535.0,10830.04,10860.22,17221.53,17275.09,11065.93,11106.11
07-04-2021 18:21:55,14505.0,14535.0,10830.04,10860.22,17221.53,17275.09,11065.93,11106.11
07-04-2021 18:22:26,14505.0,14535.0,10830.04,10860.22,17221.53,17275.09,11065.93,11106.11
07-04-2021 18:22:56,14505.0,14535.0,10830.04,10860.22,17221.53,17275.09,11065.93,11106.11
07-04-2021 18:23:26,14505.0,14535.0,10830.04,10860.22,17221.53,17275.09,11065.93,11106.11
07-04-2021 18:23:56,14505.0,14535.0,10830.04,10860.22,17221.53,17275.09,11065.93,11106.11
07-04-2021 18:24:26,14505.0,14535.0,10830.04,10860.22,17221.53,17275.09,11065.93,11106.11
07-04-2021 18:24:56,14505.0,14535.0,10830.04,10860.22,17221.53,17275.09,11065.93,11106.11
07-04-2021 18:25:26,14505.0,14535.0,10830.04,10860.22,17221.53,17275.09,11065.93,11106.11
07-04-2021 18:25:56,14505.0,14535.0,10830.04,10860.22,17221.53,17275.09,11065.93,11106.11
07-04-2021 18:26:26,14505.0,14535.0,10830.04,10860.22,17221.53,17275.09,11065.93,11106.11
07-04-2021 18:26:56,14505.0,14535.0,10830.04,10860.22,17221.53,17275.09,11065.93,11106.11
07-04-2021 18:27:27,14505.0,14535.0,10830.04,10860.22,17221.53,17275.09,11065.93,11106.11
07-04-2021 18:27:57,14505.0,14535.0,10830.04,10860.22,17221.53,17275.09,11065.93,11106.11
07-04-2021 18:28:27,14505.0,14535.0,10830.04,10860.22,17221.53,17275.09,11065.93,11106.11
07-04-2021 18:28:58,14505.0,14535.0,10830.04,10860.22,17221.53,17275.09,11065.93,11106.11
07-04-2021 18:29:28,14505.0,14535.0,10830.04,10860.22,17221.53,17275.09,11065.93,11106.11
07-04-2021 18:29:58,14505.0,14535.0,10830.04,10860.22,17221.53,17275.09,11065.93,11106.11
07-04-2021 18:30:28,14505.0,14535.0,10830.04,10860.22,17221.53,17275.09,11065.93,11106.11
07-04-2021 18:30:58,14505.0,14535.0,10830.04,10860.22,17221.53,17275.09,11065.93,11106.11
07-04-2021 18:31:28,14505.0,14535.0,10830.04,10860.22,17221.53,17275.09,11065.93,11106.11
07-04-2021 18:31:58,14505.0,14535.0,10830.04,10860.22,17221.53,17275.09,11065.93,11106.11
07-04-2021 18:32:29,14505.0,14535.0,10830.04,10860.22,17221.53,17275.09,11065.93,11106.11
07-04-2021 18:32:59,14505.0,14535.0,10830.04,10860.22,17221.53,17275.09,11065.93,11106.11
07-04-2021 18:33:29,14505.0,14535.0,10830.04,10860.22,17221.53,17275.09,11065.93,11106.11
07-04-2021 18:33:59,14505.0,14535.0,10830.04,10860.22,17221.53,17275.09,11065.93,11106.11
07-04-2021 18:34:29,14505.0,14535.0,10830.04,10860.22,17221.53,17275.09,11065.93,11106.11
07-04-2021 18:34:59,14505.0,14535.0,10830.04,10860.22,17221.53,17275.09,11065.93,11106.11
07-04-2021 18:35:29,14505.0,14535.0,10830.04,10860.22,17221.53,17275.09,11065.93,11106.11
07-04-2021 18:35:59,14505.0,14535.0,10830.04,10860.22,17221.53,17275.09,11065.93,11106.11
07-04-2021 18:36:29,14505.0,14535.0,10830.04,10860.22,17221.53,17275.09,11065.93,11106.11
07-04-2021 18:36:59,14505.0,14535.0,10830.04,10860.22,17221.53,17275.09,11065.93,11106.11
07-04-2021 18:37:29,14505.0,14535.0,10830.04,10860.22,17221.53,17275.09,11065.93,11106.11
07-04-2021 18:38:00,14505.0,14535.0,10830.04,10860.22,17221.53,17275.09,11065.93,11106.11
07-04-2021 18:38:30,14505.0,14535.0,10830.04,10860.22,17221.53,17275.09,11065.93,11106.11
07-04-2021 18:39:01,14505.0,14535.0,10830.04,10860.22,17221.53,17275.09,11065.93,11106.11
07-04-2021 18:39:31,14505.0,14535.0,10830.04,10860.22,17221.53,17275.09,11065.93,11106.11
07-04-2021 18:40:01,14505.0,14535.0,10830.04,10860.22,17221.53,17275.09,11065.93,11106.11
07-04-2021 18:40:31,14505.0,14535.0,10830.04,10860.22,17221.53,17275.09,11065.93,11106.11
07-04-2021 18:41:02,14505.0,14535.0,10830.04,10860.22,17221.53,17275.09,11065.93,11106.11
07-04-2021 18:41:32,14505.0,14535.0,10830.04,10860.22,17221.53,17275.09,11065.93,11106.11
07-04-2021 18:42:02,14505.0,14535.0,10830.04,10860.22,17221.53,17275.09,11065.93,11106.11
07-04-2021 18:42:33,14505.0,14535.0,10830.04,10860.22,17221.53,17275.09,11065.93,11106.11
07-04-2021 18:43:03,14505.0,14535.0,10830.04,10860.22,17221.53,17275.09,11065.93,11106.11
07-04-2021 18:43:33,14505.0,14535.0,10830.04,10860.22,17221.53,17275.09,11065.93,11106.11
07-04-2021 18:44:03,14505.0,14535.0,10830.04,10860.22,17221.53,17275.09,11065.93,11106.11
07-04-2021 18:44:34,14505.0,14535.0,10830.04,10860.22,17221.53,17275.09,11065.93,11106.11
07-04-2021 18:45:04,14505.0,14535.0,10830.04,10860.22,17221.53,17275.09,11065.93,11106.11
07-04-2021 18:45:34,14505.0,14535.0,10830.04,10860.22,17221.53,17275.09,11065.93,11106.11
07-04-2021 18:46:05,14505.0,14535.0,10830.04,10860.22,17221.53,17275.09,11065.93,11106.11
07-04-2021 18:46:35,14505.0,14535.0,10830.04,10860.22,17221.53,17275.09,11065.93,11106.11
07-04-2021 18:47:06,14505.0,14535.0,10830.04,10860.22,17221.53,17275.09,11065.93,11106.11
07-04-2021 18:47:37,14505.0,14535.0,10830.04,10860.22,17221.53,17275.09,11065.93,11106.11
07-04-2021 18:48:07,14505.0,14535.0,10830.04,10860.22,17221.53,17275.09,11065.93,11106.11
07-04-2021 18:48:37,14505.0,14535.0,10830.04,10860.22,17221.53,17275.09,11065.93,11106.11
07-04-2021 18:49:07,14505.0,14535.0,10830.04,10860.22,17221.53,17275.09,11065.93,11106.11
07-04-2021 18:49:37,14505.0,14535.0,10830.04,10860.22,17221.53,17275.09,11065.93,11106.11
07-04-2021 18:50:07,14505.0,14535.0,10830.04,10860.22,17221.53,17275.09,11065.93,11106.11
07-04-2021 18:50:37,14505.0,14535.0,10830.04,10860.22,17221.53,17275.09,11065.93,11106.11
07-04-2021 18:51:07,14505.0,14535.0,10830.04,10860.22,17221.53,17275.09,11065.93,11106.11
07-04-2021 18:51:38,14505.0,14535.0,10830.04,10860.22,17221.53,17275.09,11065.93,11106.11
07-04-2021 18:52:08,14505.0,14535.0,10830.04,10860.22,17221.53,17275.09,11065.93,11106.11
07-04-2021 18:52:38,14505.0,14535.0,10830.04,10860.22,17221.53,17275.09,11065.93,11106.11
07-04-2021 18:53:08,14505.0,14535.0,10830.04,10860.22,17221.53,17275.09,11065.93,11106.11
07-04-2021 18:53:38,14505.0,14535.0,10830.04,10860.22,17221.53,17275.09,11065.93,11106.11
07-04-2021 18:54:11,14505.0,14535.0,10830.04,10860.22,17221.53,17275.09,11065.93,11106.11
07-04-2021 18:54:41,14505.0,14535.0,10830.04,10860.22,17221.53,17275.09,11065.93,11106.11
07-04-2021 18:55:12,14505.0,14535.0,10830.04,10860.22,17221.53,17275.09,11065.93,11106.11
07-04-2021 18:55:42,14505.0,14535.0,10830.04,10860.22,17221.53,17275.09,11065.93,11106.11
07-04-2021 18:56:12,14505.0,14535.0,10830.04,10860.22,17221.53,17275.09,11065.93,11106.11
07-04-2021 18:56:42,14505.0,14535.0,10830.04,10860.22,17221.53,17275.09,11065.93,11106.11
07-04-2021 18:57:12,14505.0,14535.0,10830.04,10860.22,17221.53,17275.09,11065.93,11106.11
07-04-2021 18:57:42,14505.0,14535.0,10830.04,10860.22,17221.53,17275.09,11065.93,11106.11
07-04-2021 18:58:12,14505.0,14535.0,10830.04,10860.22,17221.53,17275.09,11065.93,11106.11
07-04-2021 18:58:42,14505.0,14535.0,10830.04,10860.22,17221.53,17275.09,11065.93,11106.11
07-04-2021 18:59:12,14505.0,14535.0,10830.04,10860.22,17221.53,17275.09,11065.93,11106.11
07-04-2021 18:59:43,14505.0,14535.0,10830.04,10860.22,17221.53,17275.09,11065.93,11106.11
07-04-2021 19:00:13,14505.0,14535.0,10830.04,10860.22,17221.53,17275.09,11065.93,11106.11
07-04-2021 19:00:43,14505.0,14535.0,10830.04,10860.22,17221.53,17275.09,11065.93,11106.11
07-04-2021 19:01:13,14505.0,14535.0,10830.04,10860.22,17221.53,17275.09,11065.93,11106.11
07-04-2021 19:01:43,14505.0,14535.0,10830.04,10860.22,17221.53,17275.09,11065.93,11106.11
07-04-2021 19:02:14,14505.0,14535.0,10830.04,10860.22,17221.53,17275.09,11065.93,11106.11
07-04-2021 19:02:44,14505.0,14535.0,10830.04,10860.22,17221.53,17275.09,11065.93,11106.11
07-04-2021 19:03:14,14505.0,14535.0,10830.04,10860.22,17221.53,17275.09,11065.93,11106.11
07-04-2021 19:03:45,14505.0,14535.0,10830.04,10860.22,17221.53,17275.09,11065.93,11106.11
07-04-2021 19:04:15,14505.0,14535.0,10830.04,10860.22,17221.53,17275.09,11065.93,11106.11
07-04-2021 19:04:45,14505.0,14535.0,10830.04,10860.22,17221.53,17275.09,11065.93,11106.11
07-04-2021 19:05:15,14505.0,14535.0,10830.04,10860.22,17221.53,17275.09,11065.93,11106.11
07-04-2021 19:05:45,14505.0,14535.0,10830.04,10860.22,17221.53,17275.09,11065.93,11106.11
07-04-2021 19:06:15,14505.0,14535.0,10830.04,10860.22,17221.53,17275.09,11065.93,11106.11
07-04-2021 19:06:45,14505.0,14535.0,10830.04,10860.22,17221.53,17275.09,11065.93,11106.11
07-04-2021 19:07:15,14505.0,14535.0,10830.04,10860.22,17221.53,17275.09,11065.93,11106.11
07-04-2021 19:07:45,14505.0,14535.0,10830.04,10860.22,17221.53,17275.09,11065.93,11106.11
07-04-2021 19:08:16,14505.0,14535.0,10830.04,10860.22,17221.53,17275.09,11065.93,11106.11
07-04-2021 19:08:46,14505.0,14535.0,10830.04,10860.22,17221.53,17275.09,11065.93,11106.11
07-04-2021 19:09:16,14505.0,14535.0,10830.04,10860.22,17221.53,17275.09,11065.93,11106.11
07-04-2021 19:09:46,14505.0,14535.0,10830.04,10860.22,17221.53,17275.09,11065.93,11106.11
07-04-2021 19:10:19,14505.0,14535.0,10830.04,10860.22,17221.53,17275.09,11065.93,11106.11
07-04-2021 19:10:49,14505.0,14535.0,10830.04,10860.22,17221.53,17275.09,11065.93,11106.11
07-04-2021 19:11:19,14505.0,14535.0,10830.04,10860.22,17221.53,17275.09,11065.93,11106.11
07-04-2021 19:11:49,14505.0,14535.0,10830.04,10860.22,17221.53,17275.09,11065.93,11106.11
07-04-2021 19:12:19,14505.0,14535.0,10830.04,10860.22,17221.53,17275.09,11065.93,11106.11
07-04-2021 19:12:50,14505.0,14535.0,10830.04,10860.22,17221.53,17275.09,11065.93,11106.11
07-04-2021 19:13:20,14505.0,14535.0,10830.04,10860.22,17221.53,17275.09,11065.93,11106.11
07-04-2021 19:13:50,14505.0,14535.0,10830.04,10860.22,17221.53,17275.09,11065.93,11106.11
07-04-2021 19:14:20,14505.0,14535.0,10830.04,10860.22,17221.53,17275.09,11065.93,11106.11
07-04-2021 19:14:50,14505.0,14535.0,10830.04,10860.22,17221.53,17275.09,11065.93,11106.11
07-04-2021 19:15:20,14505.0,14535.0,10830.04,10860.22,17221.53,17275.09,11065.93,11106.11
07-04-2021 19:15:50,14505.0,14535.0,10830.04,10860.22,17221.53,17275.09,11065.93,11106.11
07-04-2021 19:16:20,14505.0,14535.0,10830.04,10860.22,17221.53,17275.09,11065.93,11106.11
07-04-2021 19:16:50,14505.0,14535.0,10830.04,10860.22,17221.53,17275.09,11065.93,11106.11
07-04-2021 19:17:21,14505.0,14535.0,10830.04,10860.22,17221.53,17275.09,11065.93,11106.11
07-04-2021 19:17:53,14505.0,14535.0,10830.04,10860.22,17221.53,17275.09,11065.93,11106.11
07-04-2021 19:18:23,14505.0,14535.0,10830.04,10860.22,17221.53,17275.09,11065.93,11106.11
07-04-2021 19:18:53,14505.0,14535.0,10830.04,10860.22,17221.53,17275.09,11065.93,11106.11
07-04-2021 19:19:23,14505.0,14535.0,10830.04,10860.22,17221.53,17275.09,11065.93,11106.11
07-04-2021 19:19:53,14505.0,14535.0,10830.04,10860.22,17221.53,17275.09,11065.93,11106.11
07-04-2021 19:20:23,14505.0,14535.0,10830.04,10860.22,17221.53,17275.09,11065.93,11106.11
07-04-2021 19:20:54,14505.0,14535.0,10830.04,10860.22,17221.53,17275.09,11065.93,11106.11
07-04-2021 19:21:25,14505.0,14535.0,10830.04,10860.22,17221.53,17275.09,11065.93,11106.11
07-04-2021 19:21:55,14505.0,14535.0,10830.04,10860.22,17221.53,17275.09,11065.93,11106.11
07-04-2021 19:22:25,14505.0,14535.0,10830.04,10860.22,17221.53,17275.09,11065.93,11106.11
07-04-2021 19:22:55,14505.0,14535.0,10830.04,10860.22,17221.53,17275.09,11065.93,11106.11
07-04-2021 19:23:26,14505.0,14535.0,10830.04,10860.22,17221.53,17275.09,11065.93,11106.11
07-04-2021 19:23:56,14505.0,14535.0,10830.04,10860.22,17221.53,17275.09,11065.93,11106.11
07-04-2021 19:24:26,14505.0,14535.0,10830.04,10860.22,17221.53,17275.09,11065.93,11106.11
07-04-2021 19:24:56,14505.0,14535.0,10830.04,10860.22,17221.53,17275.09,11065.93,11106.11
07-04-2021 19:25:26,14505.0,14535.0,10830.04,10860.22,17221.53,17275.09,11065.93,11106.11
07-04-2021 19:25:56,14505.0,14535.0,10830.04,10860.22,17221.53,17275.09,11065.93,11106.11
07-04-2021 19:26:27,14505.0,14535.0,10830.04,10860.22,17221.53,17275.09,11065.93,11106.11
07-04-2021 19:26:57,14505.0,14535.0,10830.04,10860.22,17221.53,17275.09,11065.93,11106.11
07-04-2021 19:27:27,14505.0,14535.0,10830.04,10860.22,17221.53,17275.09,11065.93,11106.11
07-04-2021 19:27:57,14505.0,14535.0,10830.04,10860.22,17221.53,17275.09,11065.93,11106.11
07-04-2021 19:28:27,14505.0,14535.0,10830.04,10860.22,17221.53,17275.09,11065.93,11106.11
07-04-2021 19:28:57,14505.0,14535.0,10830.04,10860.22,17221.53,17275.09,11065.93,11106.11
07-04-2021 19:29:27,14505.0,14535.0,10830.04,10860.22,17221.53,17275.09,11065.93,11106.11
07-04-2021 19:29:57,14505.0,14535.0,10830.04,10860.22,17221.53,17275.09,11065.93,11106.11
07-04-2021 19:30:27,14505.0,14535.0,10830.04,10860.22,17221.53,17275.09,11065.93,11106.11
07-04-2021 19:30:58,14505.0,14535.0,10830.04,10860.22,17221.53,17275.09,11065.93,11106.11
07-04-2021 19:31:28,14505.0,14535.0,10830.04,10860.22,17221.53,17275.09,11065.93,11106.11
07-04-2021 19:31:58,14505.0,14535.0,10830.04,10860.22,17221.53,17275.09,11065.93,11106.11
07-04-2021 19:32:28,14505.0,14535.0,10830.04,10860.22,17221.53,17275.09,11065.93,11106.11
07-04-2021 19:32:58,14505.0,14535.0,10830.04,10860.22,17221.53,17275.09,11065.93,11106.11
07-04-2021 19:33:28,14505.0,14535.0,10830.04,10860.22,17221.53,17275.09,11065.93,11106.11
07-04-2021 19:33:58,14505.0,14535.0,10830.04,10860.22,17221.53,17275.09,11065.93,11106.11
07-04-2021 19:34:28,14505.0,14535.0,10830.04,10860.22,17221.53,17275.09,11065.93,11106.11
07-04-2021 19:34:58,14505.0,14535.0,10830.04,10860.22,17221.53,17275.09,11065.93,11106.11
07-04-2021 19:35:29,14505.0,14535.0,10830.04,10860.22,17221.53,17275.09,11065.93,11106.11
07-04-2021 19:35:59,14505.0,14535.0,10830.04,10860.22,17221.53,17275.09,11065.93,11106.11
07-04-2021 19:36:30,14505.0,14535.0,10830.04,10860.22,17221.53,17275.09,11065.93,11106.11
07-04-2021 19:37:00,14505.0,14535.0,10830.04,10860.22,17221.53,17275.09,11065.93,11106.11
07-04-2021 19:37:30,14505.0,14535.0,10830.04,10860.22,17221.53,17275.09,11065.93,11106.11
07-04-2021 19:38:00,14505.0,14535.0,10830.04,10860.22,17221.53,17275.09,11065.93,11106.11
07-04-2021 19:38:30,14505.0,14535.0,10830.04,10860.22,17221.53,17275.09,11065.93,11106.11
07-04-2021 19:39:00,14505.0,14535.0,10830.04,10860.22,17221.53,17275.09,11065.93,11106.11
07-04-2021 19:39:31,14505.0,14535.0,10830.04,10860.22,17221.53,17275.09,11065.93,11106.11
07-04-2021 19:40:04,14505.0,14535.0,10830.04,10860.22,17221.53,17275.09,11065.93,11106.11
07-04-2021 19:40:35,14505.0,14535.0,10830.04,10860.22,17221.53,17275.09,11065.93,11106.11
07-04-2021 19:41:05,14505.0,14535.0,10830.04,10860.22,17221.53,17275.09,11065.93,11106.11
07-04-2021 19:41:35,14505.0,14535.0,10830.04,10860.22,17221.53,17275.09,11065.93,11106.11
07-04-2021 19:42:05,14505.0,14535.0,10830.04,10860.22,17221.53,17275.09,11065.93,11106.11
07-04-2021 19:42:36,14505.0,14535.0,10830.04,10860.22,17221.53,17275.09,11065.93,11106.11
07-04-2021 19:43:06,14505.0,14535.0,10830.04,10860.22,17221.53,17275.09,11065.93,11106.11
07-04-2021 19:43:36,14505.0,14535.0,10830.04,10860.22,17221.53,17275.09,11065.93,11106.11
07-04-2021 19:44:06,14505.0,14535.0,10830.04,10860.22,17221.53,17275.09,11065.93,11106.11
07-04-2021 19:44:36,14505.0,14535.0,10830.04,10860.22,17221.53,17275.09,11065.93,11106.11
07-04-2021 19:45:07,14505.0,14535.0,10830.04,10860.22,17221.53,17275.09,11065.93,11106.11
07-04-2021 19:45:37,14505.0,14535.0,10830.04,10860.22,17221.53,17275.09,11065.93,11106.11
07-04-2021 19:46:07,14505.0,14535.0,10830.04,10860.22,17221.53,17275.09,11065.93,11106.11
07-04-2021 19:46:38,14505.0,14535.0,10830.04,10860.22,17221.53,17275.09,11065.93,11106.11
07-04-2021 19:47:10,14505.0,14535.0,10830.04,10860.22,17221.53,17275.09,11065.93,11106.11
07-04-2021 19:47:40,14505.0,14535.0,10830.04,10860.22,17221.53,17275.09,11065.93,11106.11
07-04-2021 19:48:10,14505.0,14535.0,10830.04,10860.22,17221.53,17275.09,11065.93,11106.11
07-04-2021 19:48:40,14505.0,14535.0,10830.04,10860.22,17221.53,17275.09,11065.93,11106.11
07-04-2021 19:49:10,14505.0,14535.0,10830.04,10860.22,17221.53,17275.09,11065.93,11106.11
07-04-2021 19:49:40,14505.0,14535.0,10830.04,10860.22,17221.53,17275.09,11065.93,11106.11
07-04-2021 19:50:10,14505.0,14535.0,10830.04,10860.22,17221.53,17275.09,11065.93,11106.11
07-04-2021 19:50:43,14505.0,14535.0,10830.04,10860.22,17221.53,17275.09,11065.93,11106.11
07-04-2021 19:51:13,14505.0,14535.0,10830.04,10860.22,17221.53,17275.09,11065.93,11106.11
07-04-2021 19:51:44,14505.0,14535.0,10830.04,10860.22,17221.53,17275.09,11065.93,11106.11
07-04-2021 19:52:14,14505.0,14535.0,10830.04,10860.22,17221.53,17275.09,11065.93,11106.11
07-04-2021 19:52:44,14505.0,14535.0,10830.04,10860.22,17221.53,17275.09,11065.93,11106.11
07-04-2021 19:53:14,14505.0,14535.0,10830.04,10860.22,17221.53,17275.09,11065.93,11106.11
07-04-2021 19:53:45,14505.0,14535.0,10830.04,10860.22,17221.53,17275.09,11065.93,11106.11
07-04-2021 19:54:27,14505.0,14535.0,10830.04,10860.22,17221.53,17275.09,11065.93,11106.11
07-04-2021 19:54:57,14505.0,14535.0,10830.04,10860.22,17221.53,17275.09,11065.93,11106.11
07-04-2021 19:55:27,14505.0,14535.0,10830.04,10860.22,17221.53,17275.09,11065.93,11106.11
07-04-2021 19:55:57,14505.0,14535.0,10830.04,10860.22,17221.53,17275.09,11065.93,11106.11
07-04-2021 19:56:27,14505.0,14535.0,10830.04,10860.22,17221.53,17275.09,11065.93,11106.11
07-04-2021 19:56:57,14505.0,14535.0,10830.04,10860.22,17221.53,17275.09,11065.93,11106.11
07-04-2021 19:57:27,14505.0,14535.0,10830.04,10860.22,17221.53,17275.09,11065.93,11106.11
07-04-2021 19:57:57,14505.0,14535.0,10830.04,10860.22,17221.53,17275.09,11065.93,11106.11
07-04-2021 19:58:30,14505.0,14535.0,10830.04,10860.22,17221.53,17275.09,11065.93,11106.11
07-04-2021 19:59:00,14505.0,14535.0,10830.04,10860.22,17221.53,17275.09,11065.93,11106.11
07-04-2021 19:59:30,14505.0,14535.0,10830.04,10860.22,17221.53,17275.09,11065.93,11106.11
07-04-2021 20:00:00,14505.0,14535.0,10830.04,10860.22,17221.53,17275.09,11065.93,11106.11
07-04-2021 20:00:30,14505.0,14535.0,10830.04,10860.22,17221.53,17275.09,11065.93,11106.11
07-04-2021 20:01:00,14505.0,14535.0,10830.04,10860.22,17221.53,17275.09,11065.93,11106.11
07-04-2021 20:01:30,14505.0,14535.0,10830.04,10860.22,17221.53,17275.09,11065.93,11106.11
07-04-2021 20:02:00,14505.0,14535.0,10830.04,10860.22,17221.53,17275.09,11065.93,11106.11
07-04-2021 20:02:36,14505.0,14535.0,10830.04,10860.22,17221.53,17275.09,11065.93,11106.11
07-04-2021 20:03:06,14505.0,14535.0,10830.04,10860.22,17221.53,17275.09,11065.93,11106.11
07-04-2021 20:03:36,14505.0,14535.0,10830.04,10860.22,17221.53,17275.09,11065.93,11106.11
07-04-2021 20:04:07,14505.0,14535.0,10830.04,10860.22,17221.53,17275.09,11065.93,11106.11
07-04-2021 20:04:37,14505.0,14535.0,10830.04,10860.22,17221.53,17275.09,11065.93,11106.11
07-04-2021 20:05:07,14505.0,14535.0,10830.04,10860.22,17221.53,17275.09,11065.93,11106.11
07-04-2021 20:05:37,14505.0,14535.0,10830.04,10860.22,17221.53,17275.09,11065.93,11106.11
07-04-2021 20:06:07,14505.0,14535.0,10830.04,10860.22,17221.53,17275.09,11065.93,11106.11
07-04-2021 20:06:38,14505.0,14535.0,10830.04,10860.22,17221.53,17275.09,11065.93,11106.11
07-04-2021 20:07:09,14505.0,14535.0,10830.04,10860.22,17221.53,17275.09,11065.93,11106.11
07-04-2021 20:07:39,14505.0,14535.0,10830.04,10860.22,17221.53,17275.09,11065.93,11106.11
07-04-2021 20:08:09,14505.0,14535.0,10830.04,10860.22,17221.53,17275.09,11065.93,11106.11
07-04-2021 20:08:40,14505.0,14535.0,10830.04,10860.22,17221.53,17275.09,11065.93,11106.11
07-04-2021 20:09:10,14505.0,14535.0,10830.04,10860.22,17221.53,17275.09,11065.93,11106.11
07-04-2021 20:09:40,14505.0,14535.0,10830.04,10860.22,17221.53,17275.09,11065.93,11106.11
07-04-2021 20:10:11,14505.0,14535.0,10830.04,10860.22,17221.53,17275.09,11065.93,11106.11
07-04-2021 20:10:41,14505.0,14535.0,10830.04,10860.22,17221.53,17275.09,11065.93,11106.11
07-04-2021 20:11:11,14505.0,14535.0,10830.04,10860.22,17221.53,17275.09,11065.93,11106.11
07-04-2021 20:11:41,14505.0,14535.0,10830.04,10860.22,17221.53,17275.09,11065.93,11106.11
07-04-2021 20:12:11,14505.0,14535.0,10830.04,10860.22,17221.53,17275.09,11065.93,11106.11
07-04-2021 20:12:41,14505.0,14535.0,10830.04,10860.22,17221.53,17275.09,11065.93,11106.11
07-04-2021 20:13:12,14505.0,14535.0,10830.04,10860.22,17221.53,17275.09,11065.93,11106.11
07-04-2021 20:13:42,14505.0,14535.0,10830.04,10860.22,17221.53,17275.09,11065.93,11106.11
07-04-2021 20:14:15,14505.0,14535.0,10830.04,10860.22,17221.53,17275.09,11065.93,11106.11
07-04-2021 20:14:45,14505.0,14535.0,10830.04,10860.22,17221.53,17275.09,11065.93,11106.11
07-04-2021 20:15:15,14505.0,14535.0,10830.04,10860.22,17221.53,17275.09,11065.93,11106.11
07-04-2021 20:15:45,14505.0,14535.0,10830.04,10860.22,17221.53,17275.09,11065.93,11106.11
07-04-2021 20:16:16,14505.0,14535.0,10830.04,10860.22,17221.53,17275.09,11065.93,11106.11
07-04-2021 20:16:46,14505.0,14535.0,10830.04,10860.22,17221.53,17275.09,11065.93,11106.11
07-04-2021 20:17:17,14505.0,14535.0,10830.04,10860.22,17221.53,17275.09,11065.93,11106.11
07-04-2021 20:17:48,14505.0,14535.0,10830.04,10860.22,17221.53,17275.09,11065.93,11106.11
07-04-2021 20:18:19,14505.0,14535.0,10830.04,10860.22,17221.53,17275.09,11065.93,11106.11
07-04-2021 20:18:49,14505.0,14535.0,10830.04,10860.22,17221.53,17275.09,11065.93,11106.11
07-04-2021 20:19:20,14505.0,14535.0,10830.04,10860.22,17221.53,17275.09,11065.93,11106.11
07-04-2021 20:19:50,14505.0,14535.0,10830.04,10860.22,17221.53,17275.09,11065.93,11106.11
07-04-2021 20:20:20,14505.0,14535.0,10830.04,10860.22,17221.53,17275.09,11065.93,11106.11
07-04-2021 20:20:50,14505.0,14535.0,10830.04,10860.22,17221.53,17275.09,11065.93,11106.11
07-04-2021 20:21:22,14505.0,14535.0,10830.04,10860.22,17221.53,17275.09,11065.93,11106.11
07-04-2021 20:21:52,14505.0,14535.0,10830.04,10860.22,17221.53,17275.09,11065.93,11106.11
07-04-2021 20:22:22,14505.0,14535.0,10830.04,10860.22,17221.53,17275.09,11065.93,11106.11
07-04-2021 20:22:52,14505.0,14535.0,10830.04,10860.22,17221.53,17275.09,11065.93,11106.11
07-04-2021 20:23:22,14505.0,14535.0,10830.04,10860.22,17221.53,17275.09,11065.93,11106.11
07-04-2021 20:23:52,14505.0,14535.0,10830.04,10860.22,17221.53,17275.09,11065.93,11106.11
07-04-2021 20:24:22,14505.0,14535.0,10830.04,10860.22,17221.53,17275.09,11065.93,11106.11
07-04-2021 20:24:53,14505.0,14535.0,10830.04,10860.22,17221.53,17275.09,11065.93,11106.11
07-04-2021 20:25:24,14505.0,14535.0,10830.04,10860.22,17221.53,17275.09,11065.93,11106.11
07-04-2021 20:25:57,14505.0,14535.0,10830.04,10860.22,17221.53,17275.09,11065.93,11106.11
07-04-2021 20:26:28,14505.0,14535.0,10830.04,10860.22,17221.53,17275.09,11065.93,11106.11
07-04-2021 20:26:59,14505.0,14535.0,10830.04,10860.22,17221.53,17275.09,11065.93,11106.11
07-04-2021 20:27:29,14505.0,14535.0,10830.04,10860.22,17221.53,17275.09,11065.93,11106.11
07-04-2021 20:27:59,14505.0,14535.0,10830.04,10860.22,17221.53,17275.09,11065.93,11106.11
07-04-2021 20:28:29,14505.0,14535.0,10830.04,10860.22,17221.53,17275.09,11065.93,11106.11
07-04-2021 20:29:00,14505.0,14535.0,10830.04,10860.22,17221.53,17275.09,11065.93,11106.11
07-04-2021 20:29:31,14505.0,14535.0,10830.04,10860.22,17221.53,17275.09,11065.93,11106.11
07-04-2021 20:30:01,14505.0,14535.0,10830.04,10860.22,17221.53,17275.09,11065.93,11106.11
07-04-2021 20:30:31,14505.0,14535.0,10830.04,10860.22,17221.53,17275.09,11065.93,11106.11
07-04-2021 20:31:01,14505.0,14535.0,10830.04,10860.22,17221.53,17275.09,11065.93,11106.11
07-04-2021 20:31:31,14505.0,14535.0,10830.04,10860.22,17221.53,17275.09,11065.93,11106.11
07-04-2021 20:32:02,14505.0,14535.0,10830.04,10860.22,17221.53,17275.09,11065.93,11106.11
07-04-2021 20:32:32,14505.0,14535.0,10830.04,10860.22,17221.53,17275.09,11065.93,11106.11
07-04-2021 20:33:06,14505.0,14535.0,10830.04,10860.22,17221.53,17275.09,11065.93,11106.11
07-04-2021 20:33:36,14505.0,14535.0,10830.04,10860.22,17221.53,17275.09,11065.93,11106.11
07-04-2021 20:34:06,14505.0,14535.0,10830.04,10860.22,17221.53,17275.09,11065.93,11106.11
07-04-2021 20:34:36,14505.0,14535.0,10830.04,10860.22,17221.53,17275.09,11065.93,11106.11
07-04-2021 20:35:06,14505.0,14535.0,10830.04,10860.22,17221.53,17275.09,11065.93,11106.11
07-04-2021 20:35:36,14505.0,14535.0,10830.04,10860.22,17221.53,17275.09,11065.93,11106.11
07-04-2021 20:36:07,14505.0,14535.0,10830.04,10860.22,17221.53,17275.09,11065.93,11106.11
07-04-2021 20:36:37,14505.0,14535.0,10830.04,10860.22,17221.53,17275.09,11065.93,11106.11
07-04-2021 20:37:08,14505.0,14535.0,10830.04,10860.22,17221.53,17275.09,11065.93,11106.11
07-04-2021 20:37:38,14505.0,14535.0,10830.04,10860.22,17221.53,17275.09,11065.93,11106.11
07-04-2021 20:38:10,14505.0,14535.0,10830.04,10860.22,17221.53,17275.09,11065.93,11106.11
07-04-2021 20:38:42,14505.0,14535.0,10830.04,10860.22,17221.53,17275.09,11065.93,11106.11
07-04-2021 20:39:12,14505.0,14535.0,10830.04,10860.22,17221.53,17275.09,11065.93,11106.11
07-04-2021 20:39:43,14505.0,14535.0,10830.04,10860.22,17221.53,17275.09,11065.93,11106.11
07-04-2021 20:40:13,14505.0,14535.0,10830.04,10860.22,17221.53,17275.09,11065.93,11106.11
07-04-2021 20:40:43,14505.0,14535.0,10830.04,10860.22,17221.53,17275.09,11065.93,11106.11
07-04-2021 20:41:14,14505.0,14535.0,10830.04,10860.22,17221.53,17275.09,11065.93,11106.11
07-04-2021 20:41:44,14505.0,14535.0,10830.04,10860.22,17221.53,17275.09,11065.93,11106.11
07-04-2021 20:42:14,14505.0,14535.0,10830.04,10860.22,17221.53,17275.09,11065.93,11106.11
07-04-2021 20:42:44,14505.0,14535.0,10830.04,10860.22,17221.53,17275.09,11065.93,11106.11
07-04-2021 20:43:14,14505.0,14535.0,10830.04,10860.22,17221.53,17275.09,11065.93,11106.11
07-04-2021 20:43:44,14505.0,14535.0,10830.04,10860.22,17221.53,17275.09,11065.93,11106.11
07-04-2021 20:44:15,14505.0,14535.0,10830.04,10860.22,17221.53,17275.09,11065.93,11106.11
07-04-2021 20:44:45,14505.0,14535.0,10830.04,10860.22,17221.53,17275.09,11065.93,11106.11
07-04-2021 20:45:15,14505.0,14535.0,10830.04,10860.22,17221.53,17275.09,11065.93,11106.11
07-04-2021 20:45:46,14505.0,14535.0,10830.04,10860.22,17221.53,17275.09,11065.93,11106.11
07-04-2021 20:46:16,14505.0,14535.0,10830.04,10860.22,17221.53,17275.09,11065.93,11106.11
07-04-2021 20:46:46,14505.0,14535.0,10830.04,10860.22,17221.53,17275.09,11065.93,11106.11
07-04-2021 20:47:16,14505.0,14535.0,10830.04,10860.22,17221.53,17275.09,11065.93,11106.11
07-04-2021 20:47:47,14505.0,14535.0,10830.04,10860.22,17221.53,17275.09,11065.93,11106.11
07-04-2021 20:48:17,14505.0,14535.0,10830.04,10860.22,17221.53,17275.09,11065.93,11106.11
07-04-2021 20:48:47,14505.0,14535.0,10830.04,10860.22,17221.53,17275.09,11065.93,11106.11
07-04-2021 20:49:19,14505.0,14535.0,10830.04,10860.22,17221.53,17275.09,11065.93,11106.11
07-04-2021 20:49:50,14505.0,14535.0,10830.04,10860.22,17221.53,17275.09,11065.93,11106.11
07-04-2021 20:50:21,14505.0,14535.0,10830.04,10860.22,17221.53,17275.09,11065.93,11106.11
07-04-2021 20:50:51,14505.0,14535.0,10830.04,10860.22,17221.53,17275.09,11065.93,11106.11
07-04-2021 20:51:21,14505.0,14535.0,10830.04,10860.22,17221.53,17275.09,11065.93,11106.11
07-04-2021 20:51:51,14505.0,14535.0,10830.04,10860.22,17221.53,17275.09,11065.93,11106.11
07-04-2021 20:52:22,14505.0,14535.0,10830.04,10860.22,17221.53,17275.09,11065.93,11106.11
07-04-2021 20:52:53,14505.0,14535.0,10830.04,10860.22,17221.53,17275.09,11065.93,11106.11
07-04-2021 20:53:24,14505.0,14535.0,10830.04,10860.22,17221.53,17275.09,11065.93,11106.11
07-04-2021 20:53:54,14505.0,14535.0,10830.04,10860.22,17221.53,17275.09,11065.93,11106.11
07-04-2021 20:54:24,14505.0,14535.0,10830.04,10860.22,17221.53,17275.09,11065.93,11106.11
07-04-2021 20:54:54,14505.0,14535.0,10830.04,10860.22,17221.53,17275.09,11065.93,11106.11
07-04-2021 20:55:24,14505.0,14535.0,10830.04,10860.22,17221.53,17275.09,11065.93,11106.11
07-04-2021 20:55:54,14505.0,14535.0,10830.04,10860.22,17221.53,17275.09,11065.93,11106.11
07-04-2021 20:56:24,14505.0,14535.0,10830.04,10860.22,17221.53,17275.09,11065.93,11106.11
07-04-2021 20:56:54,14505.0,14535.0,10830.04,10860.22,17221.53,17275.09,11065.93,11106.11
07-04-2021 20:57:25,14505.0,14535.0,10830.04,10860.22,17221.53,17275.09,11065.93,11106.11
07-04-2021 20:57:55,14505.0,14535.0,10830.04,10860.22,17221.53,17275.09,11065.93,11106.11
07-04-2021 20:58:25,14505.0,14535.0,10830.04,10860.22,17221.53,17275.09,11065.93,11106.11
07-04-2021 20:58:55,14505.0,14535.0,10830.04,10860.22,17221.53,17275.09,11065.93,11106.11
07-04-2021 20:59:25,14505.0,14535.0,10830.04,10860.22,17221.53,17275.09,11065.93,11106.11
07-04-2021 20:59:55,14505.0,14535.0,10830.04,10860.22,17221.53,17275.09,11065.93,11106.11
07-04-2021 21:00:25,14505.0,14535.0,10830.04,10860.22,17221.53,17275.09,11065.93,11106.11
07-04-2021 21:00:56,14505.0,14535.0,10830.04,10860.22,17221.53,17275.09,11065.93,11106.11
07-04-2021 21:01:26,14505.0,14535.0,10830.04,10860.22,17221.53,17275.09,11065.93,11106.11
07-04-2021 21:01:56,14505.0,14535.0,10830.04,10860.22,17221.53,17275.09,11065.93,11106.11
07-04-2021 21:02:26,14505.0,14535.0,10830.04,10860.22,17221.53,17275.09,11065.93,11106.11
07-04-2021 21:02:57,14505.0,14535.0,10830.04,10860.22,17221.53,17275.09,11065.93,11106.11
07-04-2021 21:03:27,14505.0,14535.0,10830.04,10860.22,17221.53,17275.09,11065.93,11106.11
07-04-2021 21:03:58,14505.0,14535.0,10830.04,10860.22,17221.53,17275.09,11065.93,11106.11
07-04-2021 21:04:28,14505.0,14535.0,10830.04,10860.22,17221.53,17275.09,11065.93,11106.11
07-04-2021 21:04:59,14505.0,14535.0,10830.04,10860.22,17221.53,17275.09,11065.93,11106.11
07-04-2021 21:05:29,14505.0,14535.0,10830.04,10860.22,17221.53,17275.09,11065.93,11106.11
07-04-2021 21:05:59,14505.0,14535.0,10830.04,10860.22,17221.53,17275.09,11065.93,11106.11
07-04-2021 21:06:29,14505.0,14535.0,10830.04,10860.22,17221.53,17275.09,11065.93,11106.11
07-04-2021 21:06:59,14505.0,14535.0,10830.04,10860.22,17221.53,17275.09,11065.93,11106.11
07-04-2021 21:07:30,14505.0,14535.0,10830.04,10860.22,17221.53,17275.09,11065.93,11106.11
07-04-2021 21:08:00,14505.0,14535.0,10830.04,10860.22,17221.53,17275.09,11065.93,11106.11
07-04-2021 21:08:30,14505.0,14535.0,10830.04,10860.22,17221.53,17275.09,11065.93,11106.11
07-04-2021 21:09:01,14505.0,14535.0,10830.04,10860.22,17221.53,17275.09,11065.93,11106.11
07-04-2021 21:09:34,14505.0,14535.0,10830.04,10860.22,17221.53,17275.09,11065.93,11106.11
07-04-2021 21:10:04,14505.0,14535.0,10830.04,10860.22,17221.53,17275.09,11065.93,11106.11
07-04-2021 21:10:34,14505.0,14535.0,10830.04,10860.22,17221.53,17275.09,11065.93,11106.11
07-04-2021 21:11:04,14505.0,14535.0,10830.04,10860.22,17221.53,17275.09,11065.93,11106.11
07-04-2021 21:11:35,14505.0,14535.0,10830.04,10860.22,17221.53,17275.09,11065.93,11106.11
07-04-2021 21:12:06,14505.0,14535.0,10830.04,10860.22,17221.53,17275.09,11065.93,11106.11
07-04-2021 21:12:36,14505.0,14535.0,10830.04,10860.22,17221.53,17275.09,11065.93,11106.11
07-04-2021 21:13:06,14505.0,14535.0,10830.04,10860.22,17221.53,17275.09,11065.93,11106.11
07-04-2021 21:13:36,14505.0,14535.0,10830.04,10860.22,17221.53,17275.09,11065.93,11106.11
07-04-2021 21:14:06,14505.0,14535.0,10830.04,10860.22,17221.53,17275.09,11065.93,11106.11
07-04-2021 21:14:38,14505.0,14535.0,10830.04,10860.22,17221.53,17275.09,11065.93,11106.11
07-04-2021 21:15:08,14505.0,14535.0,10830.04,10860.22,17221.53,17275.09,11065.93,11106.11
07-04-2021 21:15:38,14505.0,14535.0,10830.04,10860.22,17221.53,17275.09,11065.93,11106.11
07-04-2021 21:16:08,14505.0,14535.0,10830.04,10860.22,17221.53,17275.09,11065.93,11106.11
07-04-2021 21:16:38,14505.0,14535.0,10830.04,10860.22,17221.53,17275.09,11065.93,11106.11
07-04-2021 21:17:08,14505.0,14535.0,10830.04,10860.22,17221.53,17275.09,11065.93,11106.11
07-04-2021 21:17:38,14505.0,14535.0,10830.04,10860.22,17221.53,17275.09,11065.93,11106.11
07-04-2021 21:18:08,14505.0,14535.0,10830.04,10860.22,17221.53,17275.09,11065.93,11106.11
07-04-2021 21:18:38,14505.0,14535.0,10830.04,10860.22,17221.53,17275.09,11065.93,11106.11
07-04-2021 21:19:10,14505.0,14535.0,10830.04,10860.22,17221.53,17275.09,11065.93,11106.11
07-04-2021 21:19:41,14505.0,14535.0,10830.04,10860.22,17221.53,17275.09,11065.93,11106.11
07-04-2021 21:20:11,14505.0,14535.0,10830.04,10860.22,17221.53,17275.09,11065.93,11106.11
07-04-2021 21:20:41,14505.0,14535.0,10830.04,10860.22,17221.53,17275.09,11065.93,11106.11
07-04-2021 21:21:11,14505.0,14535.0,10830.04,10860.22,17221.53,17275.09,11065.93,11106.11
07-04-2021 21:21:41,14505.0,14535.0,10830.04,10860.22,17221.53,17275.09,11065.93,11106.11
07-04-2021 21:22:11,14505.0,14535.0,10830.04,10860.22,17221.53,17275.09,11065.93,11106.11
07-04-2021 21:22:42,14505.0,14535.0,10830.04,10860.22,17221.53,17275.09,11065.93,11106.11
07-04-2021 21:23:12,14505.0,14535.0,10830.04,10860.22,17221.53,17275.09,11065.93,11106.11
07-04-2021 21:23:42,14505.0,14535.0,10830.04,10860.22,17221.53,17275.09,11065.93,11106.11
07-04-2021 21:24:12,14505.0,14535.0,10830.04,10860.22,17221.53,17275.09,11065.93,11106.11
07-04-2021 21:24:42,14505.0,14535.0,10830.04,10860.22,17221.53,17275.09,11065.93,11106.11
07-04-2021 21:25:13,14505.0,14535.0,10830.04,10860.22,17221.53,17275.09,11065.93,11106.11
07-04-2021 21:25:43,14505.0,14535.0,10830.04,10860.22,17221.53,17275.09,11065.93,11106.11
07-04-2021 21:26:13,14505.0,14535.0,10830.04,10860.22,17221.53,17275.09,11065.93,11106.11
07-04-2021 21:26:45,14505.0,14535.0,10830.04,10860.22,17221.53,17275.09,11065.93,11106.11
07-04-2021 21:27:15,14505.0,14535.0,10830.04,10860.22,17221.53,17275.09,11065.93,11106.11
07-04-2021 21:27:45,14505.0,14535.0,10830.04,10860.22,17221.53,17275.09,11065.93,11106.11
07-04-2021 21:28:15,14505.0,14535.0,10830.04,10860.22,17221.53,17275.09,11065.93,11106.11
07-04-2021 21:28:47,14505.0,14535.0,10830.04,10860.22,17221.53,17275.09,11065.93,11106.11
07-04-2021 21:29:17,14505.0,14535.0,10830.04,10860.22,17221.53,17275.09,11065.93,11106.11
07-04-2021 21:29:48,14505.0,14535.0,10830.04,10860.22,17221.53,17275.09,11065.93,11106.11
07-04-2021 21:30:18,14505.0,14535.0,10830.04,10860.22,17221.53,17275.09,11065.93,11106.11
07-04-2021 21:30:48,14505.0,14535.0,10830.04,10860.22,17221.53,17275.09,11065.93,11106.11
07-04-2021 21:31:18,14505.0,14535.0,10830.04,10860.22,17221.53,17275.09,11065.93,11106.11
07-04-2021 21:31:48,14505.0,14535.0,10830.04,10860.22,17221.53,17275.09,11065.93,11106.11
07-04-2021 21:32:18,14505.0,14535.0,10830.04,10860.22,17221.53,17275.09,11065.93,11106.11
07-04-2021 21:32:50,14505.0,14535.0,10830.04,10860.22,17221.53,17275.09,11065.93,11106.11
07-04-2021 21:33:21,14505.0,14535.0,10830.04,10860.22,17221.53,17275.09,11065.93,11106.11
07-04-2021 21:33:51,14505.0,14535.0,10830.04,10860.22,17221.53,17275.09,11065.93,11106.11
07-04-2021 21:34:21,14505.0,14535.0,10830.04,10860.22,17221.53,17275.09,11065.93,11106.11
07-04-2021 21:34:51,14505.0,14535.0,10830.04,10860.22,17221.53,17275.09,11065.93,11106.11
07-04-2021 21:35:21,14505.0,14535.0,10830.04,10860.22,17221.53,17275.09,11065.93,11106.11
07-04-2021 21:35:51,14505.0,14535.0,10830.04,10860.22,17221.53,17275.09,11065.93,11106.11
07-04-2021 21:36:21,14505.0,14535.0,10830.04,10860.22,17221.53,17275.09,11065.93,11106.11
07-04-2021 21:36:53,14505.0,14535.0,10830.04,10860.22,17221.53,17275.09,11065.93,11106.11
07-04-2021 21:37:23,14505.0,14535.0,10830.04,10860.22,17221.53,17275.09,11065.93,11106.11
07-04-2021 21:37:53,14505.0,14535.0,10830.04,10860.22,17221.53,17275.09,11065.93,11106.11
07-04-2021 21:38:23,14505.0,14535.0,10830.04,10860.22,17221.53,17275.09,11065.93,11106.11
07-04-2021 21:38:53,14505.0,14535.0,10830.04,10860.22,17221.53,17275.09,11065.93,11106.11
07-04-2021 21:39:26,14505.0,14535.0,10830.04,10860.22,17221.53,17275.09,11065.93,11106.11
07-04-2021 21:39:56,14505.0,14535.0,10830.04,10860.22,17221.53,17275.09,11065.93,11106.11
07-04-2021 21:40:26,14505.0,14535.0,10830.04,10860.22,17221.53,17275.09,11065.93,11106.11
07-04-2021 21:40:57,14505.0,14535.0,10830.04,10860.22,17221.53,17275.09,11065.93,11106.11
07-04-2021 21:41:27,14505.0,14535.0,10830.04,10860.22,17221.53,17275.09,11065.93,11106.11
07-04-2021 21:41:58,14505.0,14535.0,10830.04,10860.22,17221.53,17275.09,11065.93,11106.11
07-04-2021 21:42:28,14505.0,14535.0,10830.04,10860.22,17221.53,17275.09,11065.93,11106.11
07-04-2021 21:42:58,14505.0,14535.0,10830.04,10860.22,17221.53,17275.09,11065.93,11106.11
07-04-2021 21:43:28,14505.0,14535.0,10830.04,10860.22,17221.53,17275.09,11065.93,11106.11
07-04-2021 21:43:59,14505.0,14535.0,10830.04,10860.22,17221.53,17275.09,11065.93,11106.11
07-04-2021 21:44:30,14505.0,14535.0,10830.04,10860.22,17221.53,17275.09,11065.93,11106.11
07-04-2021 21:45:01,14505.0,14535.0,10830.04,10860.22,17221.53,17275.09,11065.93,11106.11
07-04-2021 21:45:31,14505.0,14535.0,10830.04,10860.22,17221.53,17275.09,11065.93,11106.11
07-04-2021 21:46:01,14505.0,14535.0,10830.04,10860.22,17221.53,17275.09,11065.93,11106.11
07-04-2021 21:46:31,14505.0,14535.0,10830.04,10860.22,17221.53,17275.09,11065.93,11106.11
07-04-2021 21:47:01,14505.0,14535.0,10830.04,10860.22,17221.53,17275.09,11065.93,11106.11
07-04-2021 21:47:32,14505.0,14535.0,10830.04,10860.22,17221.53,17275.09,11065.93,11106.11
07-04-2021 21:48:03,14505.0,14535.0,10830.04,10860.22,17221.53,17275.09,11065.93,11106.11
07-04-2021 21:48:33,14505.0,14535.0,10830.04,10860.22,17221.53,17275.09,11065.93,11106.11
07-04-2021 21:49:03,14505.0,14535.0,10830.04,10860.22,17221.53,17275.09,11065.93,11106.11
07-04-2021 21:49:33,14505.0,14535.0,10830.04,10860.22,17221.53,17275.09,11065.93,11106.11
07-04-2021 21:50:03,14505.0,14535.0,10830.04,10860.22,17221.53,17275.09,11065.93,11106.11
07-04-2021 21:50:34,14505.0,14535.0,10830.04,10860.22,17221.53,17275.09,11065.93,11106.11
07-04-2021 21:51:04,14505.0,14535.0,10830.04,10860.22,17221.53,17275.09,11065.93,11106.11
07-04-2021 21:51:34,14505.0,14535.0,10830.04,10860.22,17221.53,17275.09,11065.93,11106.11
07-04-2021 21:52:04,14505.0,14535.0,10830.04,10860.22,17221.53,17275.09,11065.93,11106.11
07-04-2021 21:52:35,14505.0,14535.0,10830.04,10860.22,17221.53,17275.09,11065.93,11106.11
07-04-2021 21:53:06,14505.0,14535.0,10830.04,10860.22,17221.53,17275.09,11065.93,11106.11
07-04-2021 21:53:36,14505.0,14535.0,10830.04,10860.22,17221.53,17275.09,11065.93,11106.11
07-04-2021 21:54:07,14505.0,14535.0,10830.04,10860.22,17221.53,17275.09,11065.93,11106.11
07-04-2021 21:54:37,14505.0,14535.0,10830.04,10860.22,17221.53,17275.09,11065.93,11106.11
07-04-2021 21:55:07,14505.0,14535.0,10830.04,10860.22,17221.53,17275.09,11065.93,11106.11
07-04-2021 21:55:37,14505.0,14535.0,10830.04,10860.22,17221.53,17275.09,11065.93,11106.11
07-04-2021 21:56:07,14505.0,14535.0,10830.04,10860.22,17221.53,17275.09,11065.93,11106.11
07-04-2021 21:56:37,14505.0,14535.0,10830.04,10860.22,17221.53,17275.09,11065.93,11106.11
07-04-2021 21:57:07,14505.0,14535.0,10830.04,10860.22,17221.53,17275.09,11065.93,11106.11
07-04-2021 21:57:37,14505.0,14535.0,10830.04,10860.22,17221.53,17275.09,11065.93,11106.11
07-04-2021 21:58:07,14505.0,14535.0,10830.04,10860.22,17221.53,17275.09,11065.93,11106.11
07-04-2021 21:58:38,14505.0,14535.0,10830.04,10860.22,17221.53,17275.09,11065.93,11106.11
07-04-2021 21:59:08,14505.0,14535.0,10830.04,10860.22,17221.53,17275.09,11065.93,11106.11
07-04-2021 21:59:38,14505.0,14535.0,10830.04,10860.22,17221.53,17275.09,11065.93,11106.11
07-04-2021 22:00:08,14505.0,14535.0,10830.04,10860.22,17221.53,17275.09,11065.93,11106.11
07-04-2021 22:00:38,14505.0,14535.0,10830.04,10860.22,17221.53,17275.09,11065.93,11106.11
07-04-2021 22:01:08,14505.0,14535.0,10830.04,10860.22,17221.53,17275.09,11065.93,11106.11
07-04-2021 22:01:38,14505.0,14535.0,10830.04,10860.22,17221.53,17275.09,11065.93,11106.11
07-04-2021 22:02:08,14505.0,14535.0,10830.04,10860.22,17221.53,17275.09,11065.93,11106.11
07-04-2021 22:02:39,14505.0,14535.0,10830.04,10860.22,17221.53,17275.09,11065.93,11106.11
07-04-2021 22:03:09,14505.0,14535.0,10830.04,10860.22,17221.53,17275.09,11065.93,11106.11
07-04-2021 22:03:39,14505.0,14535.0,10830.04,10860.22,17221.53,17275.09,11065.93,11106.11
07-04-2021 22:04:09,14505.0,14535.0,10830.04,10860.22,17221.53,17275.09,11065.93,11106.11
07-04-2021 22:04:39,14505.0,14535.0,10830.04,10860.22,17221.53,17275.09,11065.93,11106.11
07-04-2021 22:05:09,14505.0,14535.0,10830.04,10860.22,17221.53,17275.09,11065.93,11106.11
07-04-2021 22:05:39,14505.0,14535.0,10830.04,10860.22,17221.53,17275.09,11065.93,11106.11
07-04-2021 22:06:09,14505.0,14535.0,10830.04,10860.22,17221.53,17275.09,11065.93,11106.11
07-04-2021 22:06:40,14505.0,14535.0,10830.04,10860.22,17221.53,17275.09,11065.93,11106.11
07-04-2021 22:07:10,14505.0,14535.0,10830.04,10860.22,17221.53,17275.09,11065.93,11106.11
07-04-2021 22:07:40,14505.0,14535.0,10830.04,10860.22,17221.53,17275.09,11065.93,11106.11
07-04-2021 22:08:10,14505.0,14535.0,10830.04,10860.22,17221.53,17275.09,11065.93,11106.11
07-04-2021 22:08:40,14505.0,14535.0,10830.04,10860.22,17221.53,17275.09,11065.93,11106.11
07-04-2021 22:09:10,14505.0,14535.0,10830.04,10860.22,17221.53,17275.09,11065.93,11106.11
07-04-2021 22:09:40,14505.0,14535.0,10830.04,10860.22,17221.53,17275.09,11065.93,11106.11
07-04-2021 22:10:10,14505.0,14535.0,10830.04,10860.22,17221.53,17275.09,11065.93,11106.11
07-04-2021 22:10:41,14505.0,14535.0,10830.04,10860.22,17221.53,17275.09,11065.93,11106.11
07-04-2021 22:11:11,14505.0,14535.0,10830.04,10860.22,17221.53,17275.09,11065.93,11106.11
07-04-2021 22:11:41,14505.0,14535.0,10830.04,10860.22,17221.53,17275.09,11065.93,11106.11
07-04-2021 22:12:11,14505.0,14535.0,10830.04,10860.22,17221.53,17275.09,11065.93,11106.11
07-04-2021 22:12:41,14505.0,14535.0,10830.04,10860.22,17221.53,17275.09,11065.93,11106.11
07-04-2021 22:13:11,14505.0,14535.0,10830.04,10860.22,17221.53,17275.09,11065.93,11106.11
07-04-2021 22:13:41,14505.0,14535.0,10830.04,10860.22,17221.53,17275.09,11065.93,11106.11
07-04-2021 22:14:11,14505.0,14535.0,10830.04,10860.22,17221.53,17275.09,11065.93,11106.11
07-04-2021 22:14:42,14505.0,14535.0,10830.04,10860.22,17221.53,17275.09,11065.93,11106.11
07-04-2021 22:15:12,14505.0,14535.0,10830.04,10860.22,17221.53,17275.09,11065.93,11106.11
07-04-2021 22:15:42,14505.0,14535.0,10830.04,10860.22,17221.53,17275.09,11065.93,11106.11
07-04-2021 22:16:12,14505.0,14535.0,10830.04,10860.22,17221.53,17275.09,11065.93,11106.11
07-04-2021 22:16:42,14505.0,14535.0,10830.04,10860.22,17221.53,17275.09,11065.93,11106.11
07-04-2021 22:17:12,14505.0,14535.0,10830.04,10860.22,17221.53,17275.09,11065.93,11106.11
